variant,platform,step,median_ns,is_warmup
baseline,JVM,0,2432663,1
baseline,JVM,1,23094,1
baseline,JVM,2,14758,1
baseline,JVM,3,14643,1
baseline,JVM,4,14582,1
baseline,JVM,5,14442,1
baseline,JVM,6,14432,1
baseline,JVM,7,14472,1
baseline,JVM,8,15188,1
baseline,JVM,9,14762,1
baseline,JVM,10,14342,1
baseline,JVM,11,14392,1
baseline,JVM,12,14387,1
baseline,JVM,13,14472,1
baseline,JVM,14,14302,1
baseline,JVM,15,14282,1
baseline,JVM,16,14287,1
baseline,JVM,17,14858,1
baseline,JVM,18,14302,1
baseline,JVM,19,16726,1
baseline,JVM,20,14373,0
baseline,JVM,21,14307,0
baseline,JVM,22,14277,0
baseline,JVM,23,15174,0
baseline,JVM,24,14558,0
baseline,JVM,25,14678,0
baseline,JVM,26,14437,0
baseline,JVM,27,14422,0
baseline,JVM,28,14497,0
baseline,JVM,29,14427,0
baseline,JVM,30,14422,0
baseline,JVM,31,14427,0
baseline,JVM,32,14427,0
baseline,JVM,33,14442,0
baseline,JVM,34,14568,0
baseline,JVM,35,14357,0
baseline,JVM,36,14352,0
baseline,JVM,37,14302,0
baseline,JVM,38,14308,0
baseline,JVM,39,14307,0
baseline,JVM,40,14262,0
baseline,JVM,41,14317,0
baseline,JVM,42,14272,0
baseline,JVM,43,14502,0
baseline,JVM,44,14237,0
baseline,JVM,45,14237,0
baseline,JVM,46,14267,0
baseline,JVM,47,14302,0
baseline,JVM,48,14237,0
baseline,JVM,49,14232,0
baseline,JVM,50,14212,0
baseline,JVM,51,14468,0
baseline,JVM,52,14192,0
baseline,JVM,53,14192,0
baseline,JVM,54,14157,0
baseline,JVM,55,14146,0
baseline,JVM,56,14146,0
baseline,JVM,57,20825,0
baseline,JVM,58,14307,0
baseline,JVM,59,14262,0
baseline,JVM,60,14498,0
baseline,JVM,61,14207,0
baseline,JVM,62,14177,0
baseline,JVM,63,14558,0
baseline,JVM,64,14938,0
baseline,JVM,65,14418,0
baseline,JVM,66,14668,0
baseline,JVM,67,14422,0
baseline,JVM,68,14512,0
baseline,JVM,69,14277,0
baseline,JVM,70,14137,0
baseline,JVM,71,14116,0
baseline,JVM,72,14072,0
baseline,JVM,73,14042,0
baseline,JVM,74,14066,0
baseline,JVM,75,14011,0
baseline,JVM,76,14041,0
baseline,JVM,77,14216,0
baseline,JVM,78,13942,0
baseline,JVM,79,13981,0
baseline,JVM,80,13976,0
baseline,JVM,81,14031,0
baseline,JVM,82,14006,0
baseline,JVM,83,13996,0
baseline,JVM,84,13916,0
baseline,JVM,85,16270,0
baseline,JVM,86,14282,0
baseline,JVM,87,13981,0
baseline,JVM,88,13937,0
baseline,JVM,89,13936,0
baseline,JVM,90,13902,0
baseline,JVM,91,13916,0
baseline,JVM,92,13952,0
baseline,JVM,93,13941,0
baseline,JVM,94,14232,0
baseline,JVM,95,13876,0
baseline,JVM,96,13911,0
baseline,JVM,97,13861,0
baseline,JVM,98,13906,0
baseline,JVM,99,13861,0
baseline,JS,0,1225286,1
baseline,JS,1,360472,1
baseline,JS,2,240594,1
baseline,JS,3,134324,1
baseline,JS,4,119551,1
baseline,JS,5,92354,1
baseline,JS,6,94258,1
baseline,JS,7,125187,1
baseline,JS,8,111736,1
baseline,JS,9,113560,1
baseline,JS,10,112478,1
baseline,JS,11,115434,1
baseline,JS,12,85738,1
baseline,JS,13,121004,1
baseline,JS,14,111936,1
baseline,JS,15,106847,1
baseline,JS,16,104542,1
baseline,JS,17,103486,1
baseline,JS,18,77482,1
baseline,JS,19,110193,1
baseline,JS,20,105354,0
baseline,JS,21,108174,0
baseline,JS,22,113750,0
baseline,JS,23,120914,0
baseline,JS,24,112658,0
baseline,JS,25,86358,0
baseline,JS,26,116404,0
baseline,JS,27,105620,0
baseline,JS,28,105044,0
baseline,JS,29,103640,0
baseline,JS,30,105249,0
baseline,JS,31,78574,0
baseline,JS,32,111340,0
baseline,JS,33,105414,0
baseline,JS,34,115578,0
baseline,JS,35,104417,0
baseline,JS,36,103636,0
baseline,JS,37,101242,0
baseline,JS,38,79790,0
baseline,JS,39,103912,0
baseline,JS,40,101688,0
baseline,JS,41,101627,0
baseline,JS,42,101346,0
baseline,JS,43,103356,0
baseline,JS,44,77652,0
baseline,JS,45,103230,0
baseline,JS,46,105620,0
baseline,JS,47,105119,0
baseline,JS,48,112182,0
baseline,JS,49,107829,0
baseline,JS,50,77532,0
baseline,JS,51,115158,0
baseline,JS,52,106246,0
baseline,JS,53,103610,0
baseline,JS,54,106000,0
baseline,JS,55,105955,0
baseline,JS,56,103285,0
baseline,JS,57,80878,0
baseline,JS,58,103180,0
baseline,JS,59,104798,0
baseline,JS,60,103570,0
baseline,JS,61,102053,0
baseline,JS,62,101728,0
baseline,JS,63,77492,0
baseline,JS,64,121500,0
baseline,JS,65,116690,0
baseline,JS,66,110559,0
baseline,JS,67,115558,0
baseline,JS,68,114787,0
baseline,JS,69,101146,0
baseline,JS,70,80542,0
baseline,JS,71,101372,0
baseline,JS,72,101852,0
baseline,JS,73,111130,0
baseline,JS,74,104702,0
baseline,JS,75,102864,0
baseline,JS,76,78404,0
baseline,JS,77,101538,0
baseline,JS,78,101271,0
baseline,JS,79,101006,0
baseline,JS,80,101046,0
baseline,JS,81,102539,0
baseline,JS,82,80988,0
baseline,JS,83,111536,0
baseline,JS,84,103636,0
baseline,JS,85,116316,0
baseline,JS,86,108455,0
baseline,JS,87,103135,0
baseline,JS,88,100991,0
baseline,JS,89,78388,0
baseline,JS,90,100890,0
baseline,JS,91,101201,0
baseline,JS,92,100886,0
baseline,JS,93,100916,0
baseline,JS,94,104943,0
baseline,JS,95,78483,0
baseline,JS,96,104428,0
baseline,JS,97,103186,0
baseline,JS,98,102429,0
baseline,JS,99,101612,0
baseline,Native,0,98391,1
baseline,Native,1,18300,1
baseline,Native,2,17804,1
baseline,Native,3,17588,1
baseline,Native,4,17498,1
baseline,Native,5,17463,1
baseline,Native,6,12644,1
baseline,Native,7,11241,1
baseline,Native,8,12158,1
baseline,Native,9,10805,1
baseline,Native,10,10836,1
baseline,Native,11,10795,1
baseline,Native,12,10810,1
baseline,Native,13,10795,1
baseline,Native,14,10785,1
baseline,Native,15,10800,1
baseline,Native,16,10790,1
baseline,Native,17,10790,1
baseline,Native,18,10790,1
baseline,Native,19,10790,1
baseline,Native,20,10786,0
baseline,Native,21,10805,0
baseline,Native,22,10790,0
baseline,Native,23,10790,0
baseline,Native,24,10806,0
baseline,Native,25,10790,0
baseline,Native,26,10796,0
baseline,Native,27,10800,0
baseline,Native,28,10781,0
baseline,Native,29,10800,0
baseline,Native,30,10796,0
baseline,Native,31,10780,0
baseline,Native,32,10800,0
baseline,Native,33,10790,0
baseline,Native,34,10776,0
baseline,Native,35,10780,0
baseline,Native,36,10780,0
baseline,Native,37,10766,0
baseline,Native,38,10781,0
baseline,Native,39,10760,0
baseline,Native,40,10765,0
baseline,Native,41,10761,0
baseline,Native,42,10760,0
baseline,Native,43,10765,0
baseline,Native,44,10770,0
baseline,Native,45,10770,0
baseline,Native,46,10766,0
baseline,Native,47,10776,0
baseline,Native,48,10770,0
baseline,Native,49,10770,0
baseline,Native,50,10770,0
baseline,Native,51,10766,0
baseline,Native,52,10770,0
baseline,Native,53,10766,0
baseline,Native,54,10780,0
baseline,Native,55,10765,0
baseline,Native,56,10766,0
baseline,Native,57,10770,0
baseline,Native,58,10770,0
baseline,Native,59,10770,0
baseline,Native,60,10770,0
baseline,Native,61,10775,0
baseline,Native,62,10766,0
baseline,Native,63,10780,0
baseline,Native,64,10770,0
baseline,Native,65,10770,0
baseline,Native,66,10770,0
baseline,Native,67,10765,0
baseline,Native,68,10770,0
baseline,Native,69,10770,0
baseline,Native,70,10765,0
baseline,Native,71,10760,0
baseline,Native,72,10765,0
baseline,Native,73,10760,0
baseline,Native,74,10770,0
baseline,Native,75,10760,0
baseline,Native,76,10760,0
baseline,Native,77,10756,0
baseline,Native,78,10775,0
baseline,Native,79,10761,0
baseline,Native,80,10760,0
baseline,Native,81,10761,0
baseline,Native,82,10760,0
baseline,Native,83,10760,0
baseline,Native,84,10750,0
baseline,Native,85,10760,0
baseline,Native,86,10760,0
baseline,Native,87,10770,0
baseline,Native,88,10761,0
baseline,Native,89,10775,0
baseline,Native,90,10760,0
baseline,Native,91,10760,0
baseline,Native,92,10760,0
baseline,Native,93,10756,0
baseline,Native,94,10760,0
baseline,Native,95,10760,0
baseline,Native,96,10755,0
baseline,Native,97,10760,0
baseline,Native,98,10761,0
baseline,Native,99,10760,0
otel,JVM,0,164566642,1
otel,JVM,1,54719070,1
otel,JVM,2,51267832,1
otel,JVM,3,41336024,1
otel,JVM,4,37920774,1
otel,JVM,5,44501542,1
otel,JVM,6,30420516,1
otel,JVM,7,25960967,1
otel,JVM,8,37516410,1
otel,JVM,9,31549636,1
otel,JVM,10,29503038,1
otel,JVM,11,34806742,1
otel,JVM,12,21057774,1
otel,JVM,13,18907724,1
otel,JVM,14,35349298,1
otel,JVM,15,24840724,1
otel,JVM,16,22185711,1
otel,JVM,17,24443504,1
otel,JVM,18,27007916,1
otel,JVM,19,33360934,1
otel,JVM,20,39258352,0
otel,JVM,21,38079023,0
otel,JVM,22,29820964,0
otel,JVM,23,49730712,0
otel,JVM,24,48772370,0
otel,JVM,25,42269073,0
otel,JVM,26,47155494,0
otel,JVM,27,38654656,0
otel,JVM,28,36063788,0
otel,JVM,29,24797898,0
otel,JVM,30,25036329,0
otel,JVM,31,26540798,0
otel,JVM,32,23347192,0
otel,JVM,33,20669850,0
otel,JVM,34,24412735,0
otel,JVM,35,25409615,0
otel,JVM,36,25215362,0
otel,JVM,37,34307344,0
otel,JVM,38,25801034,0
otel,JVM,39,27991505,0
otel,JVM,40,21125812,0
otel,JVM,41,23691416,0
otel,JVM,42,18070336,0
otel,JVM,43,20677476,0
otel,JVM,44,19296124,0
otel,JVM,45,16884035,0
otel,JVM,46,19005846,0
otel,JVM,47,18843914,0
otel,JVM,48,15536778,0
otel,JVM,49,22012073,0
otel,JVM,50,18970956,0
otel,JVM,51,20050665,0
otel,JVM,52,23724425,0
otel,JVM,53,26127782,0
otel,JVM,54,23377584,0
otel,JVM,55,22936842,0
otel,JVM,56,22992997,0
otel,JVM,57,19256689,0
otel,JVM,58,18448967,0
otel,JVM,59,18938173,0
otel,JVM,60,20127751,0
otel,JVM,61,21588862,0
otel,JVM,62,17788128,0
otel,JVM,63,20100766,0
otel,JVM,64,20814936,0
otel,JVM,65,19207286,0
otel,JVM,66,20439020,0
otel,JVM,67,22487405,0
otel,JVM,68,22255062,0
otel,JVM,69,20948466,0
otel,JVM,70,20035056,0
otel,JVM,71,19412188,0
otel,JVM,72,18400015,0
otel,JVM,73,16913626,0
otel,JVM,74,18509818,0
otel,JVM,75,17684979,0
otel,JVM,76,18000480,0
otel,JVM,77,18162671,0
otel,JVM,78,20701826,0
otel,JVM,79,21217912,0
otel,JVM,80,20894971,0
otel,JVM,81,19929320,0
otel,JVM,82,20117747,0
otel,JVM,83,18994244,0
otel,JVM,84,22132580,0
otel,JVM,85,20968636,0
otel,JVM,86,25649222,0
otel,JVM,87,22637149,0
otel,JVM,88,20906247,0
otel,JVM,89,18172034,0
otel,JVM,90,16548546,0
otel,JVM,91,18656310,0
otel,JVM,92,19554477,0
otel,JVM,93,20298894,0
otel,JVM,94,18584158,0
otel,JVM,95,17136738,0
otel,JVM,96,19355030,0
otel,JVM,97,18344736,0
otel,JVM,98,16778650,0
otel,JVM,99,17301794,0
otel-proto,JVM,0,106487084,1
otel-proto,JVM,1,30771470,1
otel-proto,JVM,2,24407806,1
otel-proto,JVM,3,19309078,1
otel-proto,JVM,4,15672966,1
otel-proto,JVM,5,16146300,1
otel-proto,JVM,6,15881600,1
otel-proto,JVM,7,15708162,1
otel-proto,JVM,8,15104124,1
otel-proto,JVM,9,14558383,1
otel-proto,JVM,10,14298176,1
otel-proto,JVM,11,14797976,1
otel-proto,JVM,12,15754459,1
otel-proto,JVM,13,14362610,1
otel-proto,JVM,14,14898806,1
otel-proto,JVM,15,15674193,1
otel-proto,JVM,16,15109496,1
otel-proto,JVM,17,16760962,1
otel-proto,JVM,18,15146455,1
otel-proto,JVM,19,13796929,1
otel-proto,JVM,20,13190678,0
otel-proto,JVM,21,14903766,0
otel-proto,JVM,22,13978226,0
otel-proto,JVM,23,13572495,0
otel-proto,JVM,24,13313540,0
otel-proto,JVM,25,13776972,0
otel-proto,JVM,26,13622760,0
otel-proto,JVM,27,14163402,0
otel-proto,JVM,28,13614871,0
otel-proto,JVM,29,13069444,0
otel-proto,JVM,30,14560523,0
otel-proto,JVM,31,15623016,0
otel-proto,JVM,32,14497693,0
otel-proto,JVM,33,13230584,0
otel-proto,JVM,34,13621477,0
otel-proto,JVM,35,13932055,0
otel-proto,JVM,36,15519896,0
otel-proto,JVM,37,16294184,0
otel-proto,JVM,38,15872758,0
otel-proto,JVM,39,15521408,0
otel-proto,JVM,40,14449564,0
otel-proto,JVM,41,14571464,0
otel-proto,JVM,42,15190218,0
otel-proto,JVM,43,13791218,0
otel-proto,JVM,44,13339670,0
otel-proto,JVM,45,14355184,0
otel-proto,JVM,46,13432526,0
otel-proto,JVM,47,13506976,0
otel-proto,JVM,48,14085258,0
otel-proto,JVM,49,14361566,0
otel-proto,JVM,50,14983858,0
otel-proto,JVM,51,13788042,0
otel-proto,JVM,52,14568822,0
otel-proto,JVM,53,14232067,0
otel-proto,JVM,54,13214878,0
otel-proto,JVM,55,13736626,0
otel-proto,JVM,56,13125896,0
otel-proto,JVM,57,12979143,0
otel-proto,JVM,58,12704754,0
otel-proto,JVM,59,12888326,0
otel-proto,JVM,60,13673160,0
otel-proto,JVM,61,12287912,0
otel-proto,JVM,62,13365048,0
otel-proto,JVM,63,14412392,0
otel-proto,JVM,64,13677042,0
otel-proto,JVM,65,13812650,0
otel-proto,JVM,66,13377952,0
otel-proto,JVM,67,14148243,0
otel-proto,JVM,68,14370472,0
otel-proto,JVM,69,14392550,0
otel-proto,JVM,70,13438000,0
otel-proto,JVM,71,14616829,0
otel-proto,JVM,72,14428047,0
otel-proto,JVM,73,14661704,0
otel-proto,JVM,74,13455574,0
otel-proto,JVM,75,13513077,0
otel-proto,JVM,76,13473863,0
otel-proto,JVM,77,14480876,0
otel-proto,JVM,78,13568136,0
otel-proto,JVM,79,12246082,0
otel-proto,JVM,80,12843106,0
otel-proto,JVM,81,15382261,0
otel-proto,JVM,82,15255166,0
otel-proto,JVM,83,12797164,0
otel-proto,JVM,84,13460900,0
otel-proto,JVM,85,14744560,0
otel-proto,JVM,86,15219568,0
otel-proto,JVM,87,14138686,0
otel-proto,JVM,88,14046620,0
otel-proto,JVM,89,13170304,0
otel-proto,JVM,90,13271356,0
otel-proto,JVM,91,14157070,0
otel-proto,JVM,92,13012616,0
otel-proto,JVM,93,13113166,0
otel-proto,JVM,94,12318094,0
otel-proto,JVM,95,14188765,0
otel-proto,JVM,96,14229116,0
otel-proto,JVM,97,13711172,0
otel-proto,JVM,98,13270408,0
otel-proto,JVM,99,13254554,0
otel-proto-sampler,JVM,0,105015096,1
otel-proto-sampler,JVM,1,35000398,1
otel-proto-sampler,JVM,2,19649100,1
otel-proto-sampler,JVM,3,15726486,1
otel-proto-sampler,JVM,4,14413490,1
otel-proto-sampler,JVM,5,14979374,1
otel-proto-sampler,JVM,6,15024354,1
otel-proto-sampler,JVM,7,14513198,1
otel-proto-sampler,JVM,8,14420243,1
otel-proto-sampler,JVM,9,13543880,1
otel-proto-sampler,JVM,10,13929681,1
otel-proto-sampler,JVM,11,14387114,1
otel-proto-sampler,JVM,12,13760731,1
otel-proto-sampler,JVM,13,14066623,1
otel-proto-sampler,JVM,14,14901642,1
otel-proto-sampler,JVM,15,13991943,1
otel-proto-sampler,JVM,16,13488376,1
otel-proto-sampler,JVM,17,14292611,1
otel-proto-sampler,JVM,18,14384499,1
otel-proto-sampler,JVM,19,12825413,1
otel-proto-sampler,JVM,20,12889559,0
otel-proto-sampler,JVM,21,13011509,0
otel-proto-sampler,JVM,22,13123225,0
otel-proto-sampler,JVM,23,12411561,0
otel-proto-sampler,JVM,24,14810460,0
otel-proto-sampler,JVM,25,13955364,0
otel-proto-sampler,JVM,26,14447749,0
otel-proto-sampler,JVM,27,12758115,0
otel-proto-sampler,JVM,28,12875478,0
otel-proto-sampler,JVM,29,13013018,0
otel-proto-sampler,JVM,30,13910889,0
otel-proto-sampler,JVM,31,14145006,0
otel-proto-sampler,JVM,32,13501335,0
otel-proto-sampler,JVM,33,13846022,0
otel-proto-sampler,JVM,34,12734010,0
otel-proto-sampler,JVM,35,13230123,0
otel-proto-sampler,JVM,36,13073857,0
otel-proto-sampler,JVM,37,12788278,0
otel-proto-sampler,JVM,38,13847590,0
otel-proto-sampler,JVM,39,13678390,0
otel-proto-sampler,JVM,40,14357138,0
otel-proto-sampler,JVM,41,13266020,0
otel-proto-sampler,JVM,42,13959010,0
otel-proto-sampler,JVM,43,13044251,0
otel-proto-sampler,JVM,44,12538169,0
otel-proto-sampler,JVM,45,12701219,0
otel-proto-sampler,JVM,46,13450620,0
otel-proto-sampler,JVM,47,13971264,0
otel-proto-sampler,JVM,48,13430492,0
otel-proto-sampler,JVM,49,12595702,0
otel-proto-sampler,JVM,50,13361582,0
otel-proto-sampler,JVM,51,14456390,0
otel-proto-sampler,JVM,52,13346829,0
otel-proto-sampler,JVM,53,11611899,0
otel-proto-sampler,JVM,54,12257844,0
otel-proto-sampler,JVM,55,11594822,0
otel-proto-sampler,JVM,56,11526492,0
otel-proto-sampler,JVM,57,11823344,0
otel-proto-sampler,JVM,58,12530075,0
otel-proto-sampler,JVM,59,12380838,0
otel-proto-sampler,JVM,60,12917522,0
otel-proto-sampler,JVM,61,13918428,0
otel-proto-sampler,JVM,62,13201523,0
otel-proto-sampler,JVM,63,13824321,0
otel-proto-sampler,JVM,64,13265665,0
otel-proto-sampler,JVM,65,13875633,0
otel-proto-sampler,JVM,66,13225780,0
otel-proto-sampler,JVM,67,14282406,0
otel-proto-sampler,JVM,68,12599246,0
otel-proto-sampler,JVM,69,15210631,0
otel-proto-sampler,JVM,70,12598072,0
otel-proto-sampler,JVM,71,12996200,0
otel-proto-sampler,JVM,72,12149214,0
otel-proto-sampler,JVM,73,13687993,0
otel-proto-sampler,JVM,74,13214920,0
otel-proto-sampler,JVM,75,12532524,0
otel-proto-sampler,JVM,76,14200016,0
otel-proto-sampler,JVM,77,13226150,0
otel-proto-sampler,JVM,78,13019268,0
otel-proto-sampler,JVM,79,13429910,0
otel-proto-sampler,JVM,80,12739290,0
otel-proto-sampler,JVM,81,12044241,0
otel-proto-sampler,JVM,82,12541591,0
otel-proto-sampler,JVM,83,13290968,0
otel-proto-sampler,JVM,84,11678330,0
otel-proto-sampler,JVM,85,12276424,0
otel-proto-sampler,JVM,86,12719732,0
otel-proto-sampler,JVM,87,12998656,0
otel-proto-sampler,JVM,88,13047528,0
otel-proto-sampler,JVM,89,12949137,0
otel-proto-sampler,JVM,90,13033496,0
otel-proto-sampler,JVM,91,12563924,0
otel-proto-sampler,JVM,92,12357468,0
otel-proto-sampler,JVM,93,12571047,0
otel-proto-sampler,JVM,94,12511128,0
otel-proto-sampler,JVM,95,11885366,0
otel-proto-sampler,JVM,96,12109715,0
otel-proto-sampler,JVM,97,13296302,0
otel-proto-sampler,JVM,98,13990098,0
otel-proto-sampler,JVM,99,12894708,0
otel-proto-timesource,JVM,0,98045662,1
otel-proto-timesource,JVM,1,37143088,1
otel-proto-timesource,JVM,2,24597084,1
otel-proto-timesource,JVM,3,16881740,1
otel-proto-timesource,JVM,4,15583411,1
otel-proto-timesource,JVM,5,16000178,1
otel-proto-timesource,JVM,6,15435412,1
otel-proto-timesource,JVM,7,15327918,1
otel-proto-timesource,JVM,8,15424356,1
otel-proto-timesource,JVM,9,14330082,1
otel-proto-timesource,JVM,10,13499638,1
otel-proto-timesource,JVM,11,14293372,1
otel-proto-timesource,JVM,12,14747872,1
otel-proto-timesource,JVM,13,15509126,1
otel-proto-timesource,JVM,14,14939258,1
otel-proto-timesource,JVM,15,14377662,1
otel-proto-timesource,JVM,16,12891318,1
otel-proto-timesource,JVM,17,13287256,1
otel-proto-timesource,JVM,18,13319642,1
otel-proto-timesource,JVM,19,12942194,1
otel-proto-timesource,JVM,20,13194295,0
otel-proto-timesource,JVM,21,15158483,0
otel-proto-timesource,JVM,22,13263130,0
otel-proto-timesource,JVM,23,13692806,0
otel-proto-timesource,JVM,24,15643796,0
otel-proto-timesource,JVM,25,16595379,0
otel-proto-timesource,JVM,26,16867532,0
otel-proto-timesource,JVM,27,14448446,0
otel-proto-timesource,JVM,28,16346137,0
otel-proto-timesource,JVM,29,13866766,0
otel-proto-timesource,JVM,30,13444142,0
otel-proto-timesource,JVM,31,14040244,0
otel-proto-timesource,JVM,32,14074012,0
otel-proto-timesource,JVM,33,13252600,0
otel-proto-timesource,JVM,34,13642492,0
otel-proto-timesource,JVM,35,14461531,0
otel-proto-timesource,JVM,36,13372752,0
otel-proto-timesource,JVM,37,13307214,0
otel-proto-timesource,JVM,38,13151334,0
otel-proto-timesource,JVM,39,13829140,0
otel-proto-timesource,JVM,40,13454878,0
otel-proto-timesource,JVM,41,14039478,0
otel-proto-timesource,JVM,42,16726337,0
otel-proto-timesource,JVM,43,14715856,0
otel-proto-timesource,JVM,44,14405594,0
otel-proto-timesource,JVM,45,12629758,0
otel-proto-timesource,JVM,46,12740888,0
otel-proto-timesource,JVM,47,13090694,0
otel-proto-timesource,JVM,48,13083430,0
otel-proto-timesource,JVM,49,13346442,0
otel-proto-timesource,JVM,50,13269222,0
otel-proto-timesource,JVM,51,12182768,0
otel-proto-timesource,JVM,52,13195372,0
otel-proto-timesource,JVM,53,12922356,0
otel-proto-timesource,JVM,54,13053729,0
otel-proto-timesource,JVM,55,12846688,0
otel-proto-timesource,JVM,56,13038606,0
otel-proto-timesource,JVM,57,12687322,0
otel-proto-timesource,JVM,58,13102416,0
otel-proto-timesource,JVM,59,12644090,0
otel-proto-timesource,JVM,60,13360424,0
otel-proto-timesource,JVM,61,13366470,0
otel-proto-timesource,JVM,62,13123050,0
otel-proto-timesource,JVM,63,18345527,0
otel-proto-timesource,JVM,64,14979614,0
otel-proto-timesource,JVM,65,14355690,0
otel-proto-timesource,JVM,66,13555352,0
otel-proto-timesource,JVM,67,13844504,0
otel-proto-timesource,JVM,68,14605206,0
otel-proto-timesource,JVM,69,13333728,0
otel-proto-timesource,JVM,70,12392084,0
otel-proto-timesource,JVM,71,12575040,0
otel-proto-timesource,JVM,72,12760400,0
otel-proto-timesource,JVM,73,13437790,0
otel-proto-timesource,JVM,74,13246424,0
otel-proto-timesource,JVM,75,13045208,0
otel-proto-timesource,JVM,76,14278911,0
otel-proto-timesource,JVM,77,13172840,0
otel-proto-timesource,JVM,78,12876450,0
otel-proto-timesource,JVM,79,12491276,0
otel-proto-timesource,JVM,80,12895750,0
otel-proto-timesource,JVM,81,12665065,0
otel-proto-timesource,JVM,82,12822227,0
otel-proto-timesource,JVM,83,14053354,0
otel-proto-timesource,JVM,84,14207054,0
otel-proto-timesource,JVM,85,13329350,0
otel-proto-timesource,JVM,86,13274788,0
otel-proto-timesource,JVM,87,12696914,0
otel-proto-timesource,JVM,88,12784746,0
otel-proto-timesource,JVM,89,12874836,0
otel-proto-timesource,JVM,90,14335482,0
otel-proto-timesource,JVM,91,12704614,0
otel-proto-timesource,JVM,92,12553699,0
otel-proto-timesource,JVM,93,12285933,0
otel-proto-timesource,JVM,94,11892655,0
otel-proto-timesource,JVM,95,12579428,0
otel-proto-timesource,JVM,96,12909136,0
otel-proto-timesource,JVM,97,12271996,0
otel-proto-timesource,JVM,98,13919646,0
otel-proto-timesource,JVM,99,13342985,0
otel-proto-anchored,JVM,0,102392472,1
otel-proto-anchored,JVM,1,30398284,1
otel-proto-anchored,JVM,2,21832268,1
otel-proto-anchored,JVM,3,18170906,1
otel-proto-anchored,JVM,4,17686376,1
otel-proto-anchored,JVM,5,16543937,1
otel-proto-anchored,JVM,6,15361882,1
otel-proto-anchored,JVM,7,16352916,1
otel-proto-anchored,JVM,8,16129843,1
otel-proto-anchored,JVM,9,15389174,1
otel-proto-anchored,JVM,10,14116769,1
otel-proto-anchored,JVM,11,14299008,1
otel-proto-anchored,JVM,12,15025115,1
otel-proto-anchored,JVM,13,14389270,1
otel-proto-anchored,JVM,14,14518644,1
otel-proto-anchored,JVM,15,14774277,1
otel-proto-anchored,JVM,16,14207381,1
otel-proto-anchored,JVM,17,15493962,1
otel-proto-anchored,JVM,18,13629438,1
otel-proto-anchored,JVM,19,14099136,1
otel-proto-anchored,JVM,20,14392089,0
otel-proto-anchored,JVM,21,14671412,0
otel-proto-anchored,JVM,22,12908264,0
otel-proto-anchored,JVM,23,13350876,0
otel-proto-anchored,JVM,24,12447608,0
otel-proto-anchored,JVM,25,14896232,0
otel-proto-anchored,JVM,26,14436488,0
otel-proto-anchored,JVM,27,13817192,0
otel-proto-anchored,JVM,28,13380462,0
otel-proto-anchored,JVM,29,13041015,0
otel-proto-anchored,JVM,30,14094472,0
otel-proto-anchored,JVM,31,14795482,0
otel-proto-anchored,JVM,32,17422962,0
otel-proto-anchored,JVM,33,15160071,0
otel-proto-anchored,JVM,34,15293097,0
otel-proto-anchored,JVM,35,16213487,0
otel-proto-anchored,JVM,36,14846177,0
otel-proto-anchored,JVM,37,14596490,0
otel-proto-anchored,JVM,38,14061865,0
otel-proto-anchored,JVM,39,13348146,0
otel-proto-anchored,JVM,40,13830943,0
otel-proto-anchored,JVM,41,13636044,0
otel-proto-anchored,JVM,42,14144686,0
otel-proto-anchored,JVM,43,13230392,0
otel-proto-anchored,JVM,44,14142367,0
otel-proto-anchored,JVM,45,15304008,0
otel-proto-anchored,JVM,46,17516235,0
otel-proto-anchored,JVM,47,15368364,0
otel-proto-anchored,JVM,48,15774176,0
otel-proto-anchored,JVM,49,15577028,0
otel-proto-anchored,JVM,50,15118792,0
otel-proto-anchored,JVM,51,13149691,0
otel-proto-anchored,JVM,52,13182884,0
otel-proto-anchored,JVM,53,12191208,0
otel-proto-anchored,JVM,54,12939162,0
otel-proto-anchored,JVM,55,13998224,0
otel-proto-anchored,JVM,56,13653292,0
otel-proto-anchored,JVM,57,13087188,0
otel-proto-anchored,JVM,58,13483998,0
otel-proto-anchored,JVM,59,13664068,0
otel-proto-anchored,JVM,60,14543805,0
otel-proto-anchored,JVM,61,14264348,0
otel-proto-anchored,JVM,62,13499346,0
otel-proto-anchored,JVM,63,12795145,0
otel-proto-anchored,JVM,64,13789640,0
otel-proto-anchored,JVM,65,13471970,0
otel-proto-anchored,JVM,66,13369902,0
otel-proto-anchored,JVM,67,13383493,0
otel-proto-anchored,JVM,68,13948220,0
otel-proto-anchored,JVM,69,13612455,0
otel-proto-anchored,JVM,70,14104194,0
otel-proto-anchored,JVM,71,14029974,0
otel-proto-anchored,JVM,72,14120366,0
otel-proto-anchored,JVM,73,12921198,0
otel-proto-anchored,JVM,74,12933282,0
otel-proto-anchored,JVM,75,14491446,0
otel-proto-anchored,JVM,76,14834009,0
otel-proto-anchored,JVM,77,14622530,0
otel-proto-anchored,JVM,78,14384590,0
otel-proto-anchored,JVM,79,12408254,0
otel-proto-anchored,JVM,80,13007742,0
otel-proto-anchored,JVM,81,13391092,0
otel-proto-anchored,JVM,82,13200257,0
otel-proto-anchored,JVM,83,12879224,0
otel-proto-anchored,JVM,84,13531764,0
otel-proto-anchored,JVM,85,13278158,0
otel-proto-anchored,JVM,86,13087654,0
otel-proto-anchored,JVM,87,13537864,0
otel-proto-anchored,JVM,88,14869661,0
otel-proto-anchored,JVM,89,13710856,0
otel-proto-anchored,JVM,90,13045920,0
otel-proto-anchored,JVM,91,14127510,0
otel-proto-anchored,JVM,92,14549256,0
otel-proto-anchored,JVM,93,13729201,0
otel-proto-anchored,JVM,94,14010402,0
otel-proto-anchored,JVM,95,13283269,0
otel-proto-anchored,JVM,96,12867416,0
otel-proto-anchored,JVM,97,12833473,0
otel-proto-anchored,JVM,98,13249324,0
otel-proto-anchored,JVM,99,13077094,0
otel-proto-fastbatch,JVM,0,108436156,1
otel-proto-fastbatch,JVM,1,41238018,1
otel-proto-fastbatch,JVM,2,21387210,1
otel-proto-fastbatch,JVM,3,16154250,1
otel-proto-fastbatch,JVM,4,13332440,1
otel-proto-fastbatch,JVM,5,13088259,1
otel-proto-fastbatch,JVM,6,10994136,1
otel-proto-fastbatch,JVM,7,12331899,1
otel-proto-fastbatch,JVM,8,8810348,1
otel-proto-fastbatch,JVM,9,12598990,1
otel-proto-fastbatch,JVM,10,7937142,1
otel-proto-fastbatch,JVM,11,7022053,1
otel-proto-fastbatch,JVM,12,14009024,1
otel-proto-fastbatch,JVM,13,6585859,1
otel-proto-fastbatch,JVM,14,6354672,1
otel-proto-fastbatch,JVM,15,10312688,1
otel-proto-fastbatch,JVM,16,8196609,1
otel-proto-fastbatch,JVM,17,8488220,1
otel-proto-fastbatch,JVM,18,7143522,1
otel-proto-fastbatch,JVM,19,6386101,1
otel-proto-fastbatch,JVM,20,6666792,0
otel-proto-fastbatch,JVM,21,6919359,0
otel-proto-fastbatch,JVM,22,10811586,0
otel-proto-fastbatch,JVM,23,8598548,0
otel-proto-fastbatch,JVM,24,6083023,0
otel-proto-fastbatch,JVM,25,5955968,0
otel-proto-fastbatch,JVM,26,5803920,0
otel-proto-fastbatch,JVM,27,5746486,0
otel-proto-fastbatch,JVM,28,8991526,0
otel-proto-fastbatch,JVM,29,8063942,0
otel-proto-fastbatch,JVM,30,7308760,0
otel-proto-fastbatch,JVM,31,6640116,0
otel-proto-fastbatch,JVM,32,6320717,0
otel-proto-fastbatch,JVM,33,6045012,0
otel-proto-fastbatch,JVM,34,6563101,0
otel-proto-fastbatch,JVM,35,9836438,0
otel-proto-fastbatch,JVM,36,8720017,0
otel-proto-fastbatch,JVM,37,6386842,0
otel-proto-fastbatch,JVM,38,5621816,0
otel-proto-fastbatch,JVM,39,5826598,0
otel-proto-fastbatch,JVM,40,6167562,0
otel-proto-fastbatch,JVM,41,5899236,0
otel-proto-fastbatch,JVM,42,7148512,0
otel-proto-fastbatch,JVM,43,7488104,0
otel-proto-fastbatch,JVM,44,8544480,0
otel-proto-fastbatch,JVM,45,7547822,0
otel-proto-fastbatch,JVM,46,7320953,0
otel-proto-fastbatch,JVM,47,6626174,0
otel-proto-fastbatch,JVM,48,6868838,0
otel-proto-fastbatch,JVM,49,6422400,0
otel-proto-fastbatch,JVM,50,7188668,0
otel-proto-fastbatch,JVM,51,6352182,0
otel-proto-fastbatch,JVM,52,6439092,0
otel-proto-fastbatch,JVM,53,6620088,0
otel-proto-fastbatch,JVM,54,7108331,0
otel-proto-fastbatch,JVM,55,8703837,0
otel-proto-fastbatch,JVM,56,6114197,0
otel-proto-fastbatch,JVM,57,6025214,0
otel-proto-fastbatch,JVM,58,5636468,0
otel-proto-fastbatch,JVM,59,5629286,0
otel-proto-fastbatch,JVM,60,5668310,0
otel-proto-fastbatch,JVM,61,5656983,0
otel-proto-fastbatch,JVM,62,5865838,0
otel-proto-fastbatch,JVM,63,5879284,0
otel-proto-fastbatch,JVM,64,5942608,0
otel-proto-fastbatch,JVM,65,6587462,0
otel-proto-fastbatch,JVM,66,6486556,0
otel-proto-fastbatch,JVM,67,8804818,0
otel-proto-fastbatch,JVM,68,6205264,0
otel-proto-fastbatch,JVM,69,5705940,0
otel-proto-fastbatch,JVM,70,5619888,0
otel-proto-fastbatch,JVM,71,5760363,0
otel-proto-fastbatch,JVM,72,5757929,0
otel-proto-fastbatch,JVM,73,5799312,0
otel-proto-fastbatch,JVM,74,5788160,0
otel-proto-fastbatch,JVM,75,5884734,0
otel-proto-fastbatch,JVM,76,5839918,0
otel-proto-fastbatch,JVM,77,5988654,0
otel-proto-fastbatch,JVM,78,5768759,0
otel-proto-fastbatch,JVM,79,7703005,0
otel-proto-fastbatch,JVM,80,5877675,0
otel-proto-fastbatch,JVM,81,6306195,0
otel-proto-fastbatch,JVM,82,8778854,0
otel-proto-fastbatch,JVM,83,7369820,0
otel-proto-fastbatch,JVM,84,6325892,0
otel-proto-fastbatch,JVM,85,5618685,0
otel-proto-fastbatch,JVM,86,6050512,0
otel-proto-fastbatch,JVM,87,6334910,0
otel-proto-fastbatch,JVM,88,5727366,0
otel-proto-fastbatch,JVM,89,5724556,0
otel-proto-fastbatch,JVM,90,5617112,0
otel-proto-fastbatch,JVM,91,5631049,0
otel-proto-fastbatch,JVM,92,5672162,0
otel-proto-fastbatch,JVM,93,5576540,0
otel-proto-fastbatch,JVM,94,5622648,0
otel-proto-fastbatch,JVM,95,5630072,0
otel-proto-fastbatch,JVM,96,5637491,0
otel-proto-fastbatch,JVM,97,5630026,0
otel-proto-fastbatch,JVM,98,6285356,0
otel-proto-fastbatch,JVM,99,7596464,0
otel-proto-combined,JVM,0,110428156,1
otel-proto-combined,JVM,1,43330468,1
otel-proto-combined,JVM,2,18448527,1
otel-proto-combined,JVM,3,15645889,1
otel-proto-combined,JVM,4,12708497,1
otel-proto-combined,JVM,5,8984622,1
otel-proto-combined,JVM,6,7826690,1
otel-proto-combined,JVM,7,12774696,1
otel-proto-combined,JVM,8,7089746,1
otel-proto-combined,JVM,9,13429574,1
otel-proto-combined,JVM,10,6400202,1
otel-proto-combined,JVM,11,6298986,1
otel-proto-combined,JVM,12,14270744,1
otel-proto-combined,JVM,13,5985464,1
otel-proto-combined,JVM,14,5787695,1
otel-proto-combined,JVM,15,6164718,1
otel-proto-combined,JVM,16,17252490,1
otel-proto-combined,JVM,17,6015936,1
otel-proto-combined,JVM,18,7439596,1
otel-proto-combined,JVM,19,6307748,1
otel-proto-combined,JVM,20,6128579,0
otel-proto-combined,JVM,21,6182586,0
otel-proto-combined,JVM,22,7073144,0
otel-proto-combined,JVM,23,18318536,0
otel-proto-combined,JVM,24,5230678,0
otel-proto-combined,JVM,25,5322030,0
otel-proto-combined,JVM,26,4968416,0
otel-proto-combined,JVM,27,4930634,0
otel-proto-combined,JVM,28,5008141,0
otel-proto-combined,JVM,29,7140412,0
otel-proto-combined,JVM,30,7472329,0
otel-proto-combined,JVM,31,5736026,0
otel-proto-combined,JVM,32,5474002,0
otel-proto-combined,JVM,33,4816750,0
otel-proto-combined,JVM,34,4783662,0
otel-proto-combined,JVM,35,5800610,0
otel-proto-combined,JVM,36,19208358,0
otel-proto-combined,JVM,37,4855112,0
otel-proto-combined,JVM,38,5318648,0
otel-proto-combined,JVM,39,5419444,0
otel-proto-combined,JVM,40,4878532,0
otel-proto-combined,JVM,41,5285195,0
otel-proto-combined,JVM,42,5541850,0
otel-proto-combined,JVM,43,5098958,0
otel-proto-combined,JVM,44,5539220,0
otel-proto-combined,JVM,45,6808946,0
otel-proto-combined,JVM,46,8154770,0
otel-proto-combined,JVM,47,5935634,0
otel-proto-combined,JVM,48,5590016,0
otel-proto-combined,JVM,49,5555596,0
otel-proto-combined,JVM,50,5645667,0
otel-proto-combined,JVM,51,5469058,0
otel-proto-combined,JVM,52,5931182,0
otel-proto-combined,JVM,53,5719065,0
otel-proto-combined,JVM,54,5654704,0
otel-proto-combined,JVM,55,5446630,0
otel-proto-combined,JVM,56,7441396,0
otel-proto-combined,JVM,57,17676276,0
otel-proto-combined,JVM,58,5034972,0
otel-proto-combined,JVM,59,4857442,0
otel-proto-combined,JVM,60,4686524,0
otel-proto-combined,JVM,61,4777796,0
otel-proto-combined,JVM,62,5833216,0
otel-proto-combined,JVM,63,5380766,0
otel-proto-combined,JVM,64,5837274,0
otel-proto-combined,JVM,65,5237540,0
otel-proto-combined,JVM,66,5321208,0
otel-proto-combined,JVM,67,4904290,0
otel-proto-combined,JVM,68,5378056,0
otel-proto-combined,JVM,69,6085933,0
otel-proto-combined,JVM,70,7071216,0
otel-proto-combined,JVM,71,4736052,0
otel-proto-combined,JVM,72,4931181,0
otel-proto-combined,JVM,73,5054174,0
otel-proto-combined,JVM,74,4766344,0
otel-proto-combined,JVM,75,4894872,0
otel-proto-combined,JVM,76,5164797,0
otel-proto-combined,JVM,77,4957421,0
otel-proto-combined,JVM,78,5192189,0
otel-proto-combined,JVM,79,4893440,0
otel-proto-combined,JVM,80,4757282,0
otel-proto-combined,JVM,81,4748746,0
otel-proto-combined,JVM,82,4720096,0
otel-proto-combined,JVM,83,5060180,0
otel-proto-combined,JVM,84,8235476,0
otel-proto-combined,JVM,85,6380646,0
otel-proto-combined,JVM,86,5598842,0
otel-proto-combined,JVM,87,5076034,0
otel-proto-combined,JVM,88,5044941,0
otel-proto-combined,JVM,89,4933144,0
otel-proto-combined,JVM,90,4824318,0
otel-proto-combined,JVM,91,4771294,0
otel-proto-combined,JVM,92,4796401,0
otel-proto-combined,JVM,93,4774400,0
otel-proto-combined,JVM,94,4764120,0
otel-proto-combined,JVM,95,4754607,0
otel-proto-combined,JVM,96,4714246,0
otel-proto-combined,JVM,97,4713574,0
otel-proto-combined,JVM,98,4731038,0
otel-proto-combined,JVM,99,4950332,0
otel,JS,0,185054726,1
otel,JS,1,142899256,1
otel,JS,2,132095200,1
otel,JS,3,128877459,1
otel,JS,4,135468974,1
otel,JS,5,128104118,1
otel,JS,6,129602523,1
otel,JS,7,128471998,1
otel,JS,8,125881028,1
otel,JS,9,129025052,1
otel,JS,10,127380474,1
otel,JS,11,128263482,1
otel,JS,12,126493088,1
otel,JS,13,127072386,1
otel,JS,14,128053453,1
otel,JS,15,128219736,1
otel,JS,16,125648711,1
otel,JS,17,128392556,1
otel,JS,18,128112127,1
otel,JS,19,128038664,1
otel,JS,20,127275880,0
otel,JS,21,127526903,0
otel,JS,22,128305914,0
otel,JS,23,161895893,0
otel,JS,24,127841870,0
otel,JS,25,127137401,0
otel,JS,26,128098706,0
otel,JS,27,127319182,0
otel,JS,28,127159872,0
otel,JS,29,127947887,0
otel,JS,30,127778656,0
otel,JS,31,128139022,0
otel,JS,32,129605799,0
otel,JS,33,126662556,0
otel,JS,34,128129655,0
otel,JS,35,129308554,0
otel,JS,36,128129904,0
otel,JS,37,126512490,0
otel,JS,38,128643450,0
otel,JS,39,127904190,0
otel,JS,40,128900036,0
otel,JS,41,126609556,0
otel,JS,42,127909072,0
otel,JS,43,129306365,0
otel,JS,44,128641258,0
otel,JS,45,126649474,0
otel,JS,46,129483431,0
otel,JS,47,129126044,0
otel,JS,48,128082326,0
otel,JS,49,127566640,0
otel,JS,50,128047550,0
otel,JS,51,129139991,0
otel,JS,52,129899590,0
otel,JS,53,127973861,0
otel,JS,54,126399711,0
otel,JS,55,129555584,0
otel,JS,56,128780030,0
otel,JS,57,129276598,0
otel,JS,58,127514376,0
otel,JS,59,128179270,0
otel,JS,60,129961348,0
otel,JS,61,129400655,0
otel,JS,62,127045660,0
otel,JS,63,129502545,0
otel,JS,64,129727466,0
otel,JS,65,128811596,0
otel,JS,66,128104609,0
otel,JS,67,129383128,0
otel,JS,68,129568876,0
otel,JS,69,130135912,0
otel,JS,70,127123994,0
otel,JS,71,128282059,0
otel,JS,72,130490885,0
otel,JS,73,129415154,0
otel,JS,74,128016696,0
otel,JS,75,130685091,0
otel,JS,76,129433875,0
otel,JS,77,130531400,0
otel,JS,78,129941721,0
otel,JS,79,127376582,0
otel,JS,80,130870822,0
otel,JS,81,129664040,0
otel,JS,82,129576606,0
otel,JS,83,129279375,0
otel,JS,84,130153330,0
otel,JS,85,130110580,0
otel,JS,86,132586724,0
otel,JS,87,128909588,0
otel,JS,88,129922396,0
otel,JS,89,131473788,0
otel,JS,90,130295550,0
otel,JS,91,128835216,0
otel,JS,92,131274916,0
otel,JS,93,129978584,0
otel,JS,94,131017114,0
otel,JS,95,129246682,0
otel,JS,96,131758294,0
otel,JS,97,159282454,0
otel,JS,98,206153196,0
otel,JS,99,131549484,0
otel-proto,JS,0,187195792,1
otel-proto,JS,1,142721920,1
otel-proto,JS,2,130301609,1
otel-proto,JS,3,127042599,1
otel-proto,JS,4,130493722,1
otel-proto,JS,5,139856198,1
otel-proto,JS,6,127200788,1
otel-proto,JS,7,127334165,1
otel-proto,JS,8,125528803,1
otel-proto,JS,9,129350126,1
otel-proto,JS,10,127340116,1
otel-proto,JS,11,128641917,1
otel-proto,JS,12,126152101,1
otel-proto,JS,13,127951522,1
otel-proto,JS,14,127445922,1
otel-proto,JS,15,128272900,1
otel-proto,JS,16,125865845,1
otel-proto,JS,17,128703694,1
otel-proto,JS,18,127377918,1
otel-proto,JS,19,127773044,1
otel-proto,JS,20,126699691,0
otel-proto,JS,21,127552118,0
otel-proto,JS,22,127548365,0
otel-proto,JS,23,128516424,0
otel-proto,JS,24,147228688,0
otel-proto,JS,25,142321954,0
otel-proto,JS,26,126891854,0
otel-proto,JS,27,125983472,0
otel-proto,JS,28,126689412,0
otel-proto,JS,29,125412448,0
otel-proto,JS,30,128437686,0
otel-proto,JS,31,128461306,0
otel-proto,JS,32,128632674,0
otel-proto,JS,33,126444468,0
otel-proto,JS,34,128789946,0
otel-proto,JS,35,128624178,0
otel-proto,JS,36,128731296,0
otel-proto,JS,37,126448876,0
otel-proto,JS,38,129425763,0
otel-proto,JS,39,128504157,0
otel-proto,JS,40,128471554,0
otel-proto,JS,41,127761137,0
otel-proto,JS,42,127924756,0
otel-proto,JS,43,128945636,0
otel-proto,JS,44,129234302,0
otel-proto,JS,45,126900400,0
otel-proto,JS,46,129005489,0
otel-proto,JS,47,127987220,0
otel-proto,JS,48,129170561,0
otel-proto,JS,49,127343683,0
otel-proto,JS,50,129176528,0
otel-proto,JS,51,128958546,0
otel-proto,JS,52,129202046,0
otel-proto,JS,53,128950526,0
otel-proto,JS,54,127313756,0
otel-proto,JS,55,129790813,0
otel-proto,JS,56,129094728,0
otel-proto,JS,57,129068794,0
otel-proto,JS,58,127869506,0
otel-proto,JS,59,129111209,0
otel-proto,JS,60,129335258,0
otel-proto,JS,61,130239342,0
otel-proto,JS,62,127547714,0
otel-proto,JS,63,129618708,0
otel-proto,JS,64,130677881,0
otel-proto,JS,65,129706774,0
otel-proto,JS,66,129095234,0
otel-proto,JS,67,129741220,0
otel-proto,JS,68,130621102,0
otel-proto,JS,69,130872608,0
otel-proto,JS,70,128085691,0
otel-proto,JS,71,130495936,0
otel-proto,JS,72,130306288,0
otel-proto,JS,73,130166063,0
otel-proto,JS,74,128463700,0
otel-proto,JS,75,131068323,0
otel-proto,JS,76,129994454,0
otel-proto,JS,77,129960815,0
otel-proto,JS,78,130980768,0
otel-proto,JS,79,128165511,0
otel-proto,JS,80,131004978,0
otel-proto,JS,81,130225104,0
otel-proto,JS,82,129953842,0
otel-proto,JS,83,129263892,0
otel-proto,JS,84,130485828,0
otel-proto,JS,85,130262746,0
otel-proto,JS,86,131335854,0
otel-proto,JS,87,128670506,0
otel-proto,JS,88,131164129,0
otel-proto,JS,89,131749236,0
otel-proto,JS,90,130225430,0
otel-proto,JS,91,129254390,0
otel-proto,JS,92,131276486,0
otel-proto,JS,93,130666408,0
otel-proto,JS,94,130492064,0
otel-proto,JS,95,128727965,0
otel-proto,JS,96,130343384,0
otel-proto,JS,97,131339316,0
otel-proto,JS,98,131191652,0
otel-proto,JS,99,140543312,0
otel-proto-sampler,JS,0,185306286,1
otel-proto-sampler,JS,1,140299807,1
otel-proto-sampler,JS,2,126100152,1
otel-proto-sampler,JS,3,125498320,1
otel-proto-sampler,JS,4,128770790,1
otel-proto-sampler,JS,5,128727484,1
otel-proto-sampler,JS,6,124759924,1
otel-proto-sampler,JS,7,124985590,1
otel-proto-sampler,JS,8,123402273,1
otel-proto-sampler,JS,9,125224658,1
otel-proto-sampler,JS,10,124933802,1
otel-proto-sampler,JS,11,126692442,1
otel-proto-sampler,JS,12,123013614,1
otel-proto-sampler,JS,13,125096455,1
otel-proto-sampler,JS,14,125710646,1
otel-proto-sampler,JS,15,125521298,1
otel-proto-sampler,JS,16,123242662,1
otel-proto-sampler,JS,17,125734968,1
otel-proto-sampler,JS,18,125655197,1
otel-proto-sampler,JS,19,125492118,1
otel-proto-sampler,JS,20,123574855,0
otel-proto-sampler,JS,21,125520442,0
otel-proto-sampler,JS,22,124618833,0
otel-proto-sampler,JS,23,125127424,0
otel-proto-sampler,JS,24,158651138,0
otel-proto-sampler,JS,25,127241010,0
otel-proto-sampler,JS,26,123840658,0
otel-proto-sampler,JS,27,123992734,0
otel-proto-sampler,JS,28,124860390,0
otel-proto-sampler,JS,29,123021724,0
otel-proto-sampler,JS,30,125238058,0
otel-proto-sampler,JS,31,125242382,0
otel-proto-sampler,JS,32,126320735,0
otel-proto-sampler,JS,33,123720384,0
otel-proto-sampler,JS,34,125750462,0
otel-proto-sampler,JS,35,126925674,0
otel-proto-sampler,JS,36,125835222,0
otel-proto-sampler,JS,37,124001892,0
otel-proto-sampler,JS,38,126966962,0
otel-proto-sampler,JS,39,126462352,0
otel-proto-sampler,JS,40,126136776,0
otel-proto-sampler,JS,41,123714428,0
otel-proto-sampler,JS,42,127177184,0
otel-proto-sampler,JS,43,125610793,0
otel-proto-sampler,JS,44,125458295,0
otel-proto-sampler,JS,45,124610732,0
otel-proto-sampler,JS,46,125081061,0
otel-proto-sampler,JS,47,125112426,0
otel-proto-sampler,JS,48,126790898,0
otel-proto-sampler,JS,49,124272388,0
otel-proto-sampler,JS,50,125896032,0
otel-proto-sampler,JS,51,126049502,0
otel-proto-sampler,JS,52,126893402,0
otel-proto-sampler,JS,53,125938988,0
otel-proto-sampler,JS,54,124616784,0
otel-proto-sampler,JS,55,127558208,0
otel-proto-sampler,JS,56,126072390,0
otel-proto-sampler,JS,57,126417392,0
otel-proto-sampler,JS,58,125242070,0
otel-proto-sampler,JS,59,127030075,0
otel-proto-sampler,JS,60,126600312,0
otel-proto-sampler,JS,61,126195893,0
otel-proto-sampler,JS,62,124791604,0
otel-proto-sampler,JS,63,126712685,0
otel-proto-sampler,JS,64,126046792,0
otel-proto-sampler,JS,65,127821036,0
otel-proto-sampler,JS,66,124230594,0
otel-proto-sampler,JS,67,126660948,0
otel-proto-sampler,JS,68,126779778,0
otel-proto-sampler,JS,69,127432260,0
otel-proto-sampler,JS,70,125096456,0
otel-proto-sampler,JS,71,126527476,0
otel-proto-sampler,JS,72,127912032,0
otel-proto-sampler,JS,73,127195137,0
otel-proto-sampler,JS,74,124931844,0
otel-proto-sampler,JS,75,128251975,0
otel-proto-sampler,JS,76,127959542,0
otel-proto-sampler,JS,77,126962006,0
otel-proto-sampler,JS,78,127389745,0
otel-proto-sampler,JS,79,125613292,0
otel-proto-sampler,JS,80,127453966,0
otel-proto-sampler,JS,81,127671398,0
otel-proto-sampler,JS,82,128719068,0
otel-proto-sampler,JS,83,125705838,0
otel-proto-sampler,JS,84,128222198,0
otel-proto-sampler,JS,85,128761562,0
otel-proto-sampler,JS,86,128568994,0
otel-proto-sampler,JS,87,125855260,0
otel-proto-sampler,JS,88,128219052,0
otel-proto-sampler,JS,89,129001306,0
otel-proto-sampler,JS,90,127834912,0
otel-proto-sampler,JS,91,125551446,0
otel-proto-sampler,JS,92,128947334,0
otel-proto-sampler,JS,93,127518668,0
otel-proto-sampler,JS,94,126753652,0
otel-proto-sampler,JS,95,126179453,0
otel-proto-sampler,JS,96,127858000,0
otel-proto-sampler,JS,97,128085034,0
otel-proto-sampler,JS,98,127865399,0
otel-proto-sampler,JS,99,127951396,0
otel-proto-timesource,JS,0,198171312,1
otel-proto-timesource,JS,1,157702125,1
otel-proto-timesource,JS,2,144210168,1
otel-proto-timesource,JS,3,141976582,1
otel-proto-timesource,JS,4,148963939,1
otel-proto-timesource,JS,5,142307672,1
otel-proto-timesource,JS,6,141631124,1
otel-proto-timesource,JS,7,141694958,1
otel-proto-timesource,JS,8,139822260,1
otel-proto-timesource,JS,9,142322926,1
otel-proto-timesource,JS,10,142311519,1
otel-proto-timesource,JS,11,143270588,1
otel-proto-timesource,JS,12,140389737,1
otel-proto-timesource,JS,13,141563871,1
otel-proto-timesource,JS,14,142782794,1
otel-proto-timesource,JS,15,141948053,1
otel-proto-timesource,JS,16,140864209,1
otel-proto-timesource,JS,17,142020520,1
otel-proto-timesource,JS,18,141872735,1
otel-proto-timesource,JS,19,142458146,1
otel-proto-timesource,JS,20,139881306,0
otel-proto-timesource,JS,21,142855752,0
otel-proto-timesource,JS,22,142463763,0
otel-proto-timesource,JS,23,156683885,0
otel-proto-timesource,JS,24,164297962,0
otel-proto-timesource,JS,25,141329674,0
otel-proto-timesource,JS,26,141219646,0
otel-proto-timesource,JS,27,140709131,0
otel-proto-timesource,JS,28,141341806,0
otel-proto-timesource,JS,29,141191092,0
otel-proto-timesource,JS,30,142355422,0
otel-proto-timesource,JS,31,142621214,0
otel-proto-timesource,JS,32,143025659,0
otel-proto-timesource,JS,33,141199662,0
otel-proto-timesource,JS,34,143901606,0
otel-proto-timesource,JS,35,143076656,0
otel-proto-timesource,JS,36,143674314,0
otel-proto-timesource,JS,37,140738656,0
otel-proto-timesource,JS,38,143770487,0
otel-proto-timesource,JS,39,142935338,0
otel-proto-timesource,JS,40,143117453,0
otel-proto-timesource,JS,41,141310908,0
otel-proto-timesource,JS,42,143594348,0
otel-proto-timesource,JS,43,144646342,0
otel-proto-timesource,JS,44,144062238,0
otel-proto-timesource,JS,45,140855858,0
otel-proto-timesource,JS,46,143917390,0
otel-proto-timesource,JS,47,143342694,0
otel-proto-timesource,JS,48,144043248,0
otel-proto-timesource,JS,49,141504289,0
otel-proto-timesource,JS,50,144062755,0
otel-proto-timesource,JS,51,143712593,0
otel-proto-timesource,JS,52,143489606,0
otel-proto-timesource,JS,53,144289578,0
otel-proto-timesource,JS,54,141722060,0
otel-proto-timesource,JS,55,144346170,0
otel-proto-timesource,JS,56,144171224,0
otel-proto-timesource,JS,57,143779314,0
otel-proto-timesource,JS,58,142430048,0
otel-proto-timesource,JS,59,144710428,0
otel-proto-timesource,JS,60,145129711,0
otel-proto-timesource,JS,61,144620594,0
otel-proto-timesource,JS,62,142652784,0
otel-proto-timesource,JS,63,143817877,0
otel-proto-timesource,JS,64,143936926,0
otel-proto-timesource,JS,65,145328286,0
otel-proto-timesource,JS,66,141843976,0
otel-proto-timesource,JS,67,144694644,0
otel-proto-timesource,JS,68,144239699,0
otel-proto-timesource,JS,69,144370666,0
otel-proto-timesource,JS,70,142016096,0
otel-proto-timesource,JS,71,144330216,0
otel-proto-timesource,JS,72,144428300,0
otel-proto-timesource,JS,73,144058542,0
otel-proto-timesource,JS,74,143365696,0
otel-proto-timesource,JS,75,144271038,0
otel-proto-timesource,JS,76,144484176,0
otel-proto-timesource,JS,77,144742494,0
otel-proto-timesource,JS,78,144529978,0
otel-proto-timesource,JS,79,143013566,0
otel-proto-timesource,JS,80,144542677,0
otel-proto-timesource,JS,81,145135742,0
otel-proto-timesource,JS,82,144988460,0
otel-proto-timesource,JS,83,142238236,0
otel-proto-timesource,JS,84,145716170,0
otel-proto-timesource,JS,85,143988934,0
otel-proto-timesource,JS,86,144638378,0
otel-proto-timesource,JS,87,142951088,0
otel-proto-timesource,JS,88,144444430,0
otel-proto-timesource,JS,89,145409892,0
otel-proto-timesource,JS,90,143997716,0
otel-proto-timesource,JS,91,142948458,0
otel-proto-timesource,JS,92,145058382,0
otel-proto-timesource,JS,93,145082136,0
otel-proto-timesource,JS,94,145697484,0
otel-proto-timesource,JS,95,144030384,0
otel-proto-timesource,JS,96,147070956,0
otel-proto-timesource,JS,97,202362545,0
otel-proto-timesource,JS,98,231593230,0
otel-proto-timesource,JS,99,142674656,0
otel-proto-anchored,JS,0,185390506,1
otel-proto-anchored,JS,1,140820231,1
otel-proto-anchored,JS,2,127575822,1
otel-proto-anchored,JS,3,127110978,1
otel-proto-anchored,JS,4,130936068,1
otel-proto-anchored,JS,5,126162986,1
otel-proto-anchored,JS,6,124719118,1
otel-proto-anchored,JS,7,126423424,1
otel-proto-anchored,JS,8,123401122,1
otel-proto-anchored,JS,9,125950320,1
otel-proto-anchored,JS,10,125079799,1
otel-proto-anchored,JS,11,125625761,1
otel-proto-anchored,JS,12,122424670,1
otel-proto-anchored,JS,13,124437264,1
otel-proto-anchored,JS,14,125158408,1
otel-proto-anchored,JS,15,125171422,1
otel-proto-anchored,JS,16,122890938,1
otel-proto-anchored,JS,17,124740357,1
otel-proto-anchored,JS,18,124375974,1
otel-proto-anchored,JS,19,125109415,1
otel-proto-anchored,JS,20,122707366,0
otel-proto-anchored,JS,21,124239160,0
otel-proto-anchored,JS,22,124450910,0
otel-proto-anchored,JS,23,126233144,0
otel-proto-anchored,JS,24,157962312,0
otel-proto-anchored,JS,25,125222484,0
otel-proto-anchored,JS,26,123915243,0
otel-proto-anchored,JS,27,123691870,0
otel-proto-anchored,JS,28,123764423,0
otel-proto-anchored,JS,29,122454512,0
otel-proto-anchored,JS,30,125055774,0
otel-proto-anchored,JS,31,125130114,0
otel-proto-anchored,JS,32,126226722,0
otel-proto-anchored,JS,33,123627945,0
otel-proto-anchored,JS,34,125337230,0
otel-proto-anchored,JS,35,125025431,0
otel-proto-anchored,JS,36,125310304,0
otel-proto-anchored,JS,37,123796438,0
otel-proto-anchored,JS,38,125236344,0
otel-proto-anchored,JS,39,125139100,0
otel-proto-anchored,JS,40,126202731,0
otel-proto-anchored,JS,41,123835266,0
otel-proto-anchored,JS,42,125496216,0
otel-proto-anchored,JS,43,126083000,0
otel-proto-anchored,JS,44,126007513,0
otel-proto-anchored,JS,45,124139897,0
otel-proto-anchored,JS,46,125438202,0
otel-proto-anchored,JS,47,126467842,0
otel-proto-anchored,JS,48,126225279,0
otel-proto-anchored,JS,49,123833694,0
otel-proto-anchored,JS,50,126391529,0
otel-proto-anchored,JS,51,125978458,0
otel-proto-anchored,JS,52,125909572,0
otel-proto-anchored,JS,53,125964351,0
otel-proto-anchored,JS,54,123935952,0
otel-proto-anchored,JS,55,126440766,0
otel-proto-anchored,JS,56,126703268,0
otel-proto-anchored,JS,57,126012036,0
otel-proto-anchored,JS,58,124029113,0
otel-proto-anchored,JS,59,125638270,0
otel-proto-anchored,JS,60,126110467,0
otel-proto-anchored,JS,61,125959847,0
otel-proto-anchored,JS,62,124506516,0
otel-proto-anchored,JS,63,126909948,0
otel-proto-anchored,JS,64,127830252,0
otel-proto-anchored,JS,65,126593536,0
otel-proto-anchored,JS,66,124430416,0
otel-proto-anchored,JS,67,126624984,0
otel-proto-anchored,JS,68,126870639,0
otel-proto-anchored,JS,69,126654110,0
otel-proto-anchored,JS,70,124844238,0
otel-proto-anchored,JS,71,127231401,0
otel-proto-anchored,JS,72,128159810,0
otel-proto-anchored,JS,73,127211538,0
otel-proto-anchored,JS,74,125005008,0
otel-proto-anchored,JS,75,126789921,0
otel-proto-anchored,JS,76,127032786,0
otel-proto-anchored,JS,77,126829431,0
otel-proto-anchored,JS,78,127796664,0
otel-proto-anchored,JS,79,125712124,0
otel-proto-anchored,JS,80,127319122,0
otel-proto-anchored,JS,81,127428814,0
otel-proto-anchored,JS,82,127532820,0
otel-proto-anchored,JS,83,124973834,0
otel-proto-anchored,JS,84,127277007,0
otel-proto-anchored,JS,85,127117991,0
otel-proto-anchored,JS,86,127808236,0
otel-proto-anchored,JS,87,126108950,0
otel-proto-anchored,JS,88,126864598,0
otel-proto-anchored,JS,89,126925092,0
otel-proto-anchored,JS,90,126887766,0
otel-proto-anchored,JS,91,125449012,0
otel-proto-anchored,JS,92,127948736,0
otel-proto-anchored,JS,93,127266783,0
otel-proto-anchored,JS,94,128559692,0
otel-proto-anchored,JS,95,126410835,0
otel-proto-anchored,JS,96,127743304,0
otel-proto-anchored,JS,97,127233314,0
otel-proto-anchored,JS,98,128607902,0
otel-proto-anchored,JS,99,173451514,0
otel-proto-fastbatch,JS,0,124775534,1
otel-proto-fastbatch,JS,1,98954468,1
otel-proto-fastbatch,JS,2,89610812,1
otel-proto-fastbatch,JS,3,85191586,1
otel-proto-fastbatch,JS,4,93459662,1
otel-proto-fastbatch,JS,5,85869756,1
otel-proto-fastbatch,JS,6,84841822,1
otel-proto-fastbatch,JS,7,84601421,1
otel-proto-fastbatch,JS,8,85023292,1
otel-proto-fastbatch,JS,9,84556977,1
otel-proto-fastbatch,JS,10,84133184,1
otel-proto-fastbatch,JS,11,86676388,1
otel-proto-fastbatch,JS,12,83206372,1
otel-proto-fastbatch,JS,13,84062708,1
otel-proto-fastbatch,JS,14,85639100,1
otel-proto-fastbatch,JS,15,85859586,1
otel-proto-fastbatch,JS,16,83458446,1
otel-proto-fastbatch,JS,17,84774494,1
otel-proto-fastbatch,JS,18,85776260,1
otel-proto-fastbatch,JS,19,84219672,1
otel-proto-fastbatch,JS,20,83475741,0
otel-proto-fastbatch,JS,21,85030344,0
otel-proto-fastbatch,JS,22,84991670,0
otel-proto-fastbatch,JS,23,84593660,0
otel-proto-fastbatch,JS,24,107544774,0
otel-proto-fastbatch,JS,25,108141030,0
otel-proto-fastbatch,JS,26,83350141,0
otel-proto-fastbatch,JS,27,83338498,0
otel-proto-fastbatch,JS,28,83988336,0
otel-proto-fastbatch,JS,29,82489734,0
otel-proto-fastbatch,JS,30,83676264,0
otel-proto-fastbatch,JS,31,84859837,0
otel-proto-fastbatch,JS,32,84762032,0
otel-proto-fastbatch,JS,33,83992951,0
otel-proto-fastbatch,JS,34,84858228,0
otel-proto-fastbatch,JS,35,85858389,0
otel-proto-fastbatch,JS,36,84932881,0
otel-proto-fastbatch,JS,37,83918916,0
otel-proto-fastbatch,JS,38,85956800,0
otel-proto-fastbatch,JS,39,84612074,0
otel-proto-fastbatch,JS,40,84911163,0
otel-proto-fastbatch,JS,41,85375956,0
otel-proto-fastbatch,JS,42,84985978,0
otel-proto-fastbatch,JS,43,85145903,0
otel-proto-fastbatch,JS,44,84785988,0
otel-proto-fastbatch,JS,45,84866026,0
otel-proto-fastbatch,JS,46,85275953,0
otel-proto-fastbatch,JS,47,85315548,0
otel-proto-fastbatch,JS,48,85858793,0
otel-proto-fastbatch,JS,49,84547932,0
otel-proto-fastbatch,JS,50,85597146,0
otel-proto-fastbatch,JS,51,85856200,0
otel-proto-fastbatch,JS,52,86737655,0
otel-proto-fastbatch,JS,53,85324646,0
otel-proto-fastbatch,JS,54,85207216,0
otel-proto-fastbatch,JS,55,86727601,0
otel-proto-fastbatch,JS,56,85932050,0
otel-proto-fastbatch,JS,57,85942188,0
otel-proto-fastbatch,JS,58,86117650,0
otel-proto-fastbatch,JS,59,86560146,0
otel-proto-fastbatch,JS,60,86156340,0
otel-proto-fastbatch,JS,61,86577840,0
otel-proto-fastbatch,JS,62,86282012,0
otel-proto-fastbatch,JS,63,86140668,0
otel-proto-fastbatch,JS,64,86000619,0
otel-proto-fastbatch,JS,65,88040054,0
otel-proto-fastbatch,JS,66,85699872,0
otel-proto-fastbatch,JS,67,86382420,0
otel-proto-fastbatch,JS,68,86944281,0
otel-proto-fastbatch,JS,69,88139134,0
otel-proto-fastbatch,JS,70,85626708,0
otel-proto-fastbatch,JS,71,87045029,0
otel-proto-fastbatch,JS,72,87846470,0
otel-proto-fastbatch,JS,73,86656131,0
otel-proto-fastbatch,JS,74,86066062,0
otel-proto-fastbatch,JS,75,87358332,0
otel-proto-fastbatch,JS,76,87363504,0
otel-proto-fastbatch,JS,77,86907488,0
otel-proto-fastbatch,JS,78,86962396,0
otel-proto-fastbatch,JS,79,86949859,0
otel-proto-fastbatch,JS,80,86865550,0
otel-proto-fastbatch,JS,81,86796104,0
otel-proto-fastbatch,JS,82,88529948,0
otel-proto-fastbatch,JS,83,86181948,0
otel-proto-fastbatch,JS,84,87026078,0
otel-proto-fastbatch,JS,85,87171422,0
otel-proto-fastbatch,JS,86,88278471,0
otel-proto-fastbatch,JS,87,86014116,0
otel-proto-fastbatch,JS,88,87537928,0
otel-proto-fastbatch,JS,89,87883596,0
otel-proto-fastbatch,JS,90,87101834,0
otel-proto-fastbatch,JS,91,86565046,0
otel-proto-fastbatch,JS,92,87755880,0
otel-proto-fastbatch,JS,93,88725659,0
otel-proto-fastbatch,JS,94,87832233,0
otel-proto-fastbatch,JS,95,86484129,0
otel-proto-fastbatch,JS,96,89023178,0
otel-proto-fastbatch,JS,97,87704202,0
otel-proto-fastbatch,JS,98,87271248,0
otel-proto-fastbatch,JS,99,88030198,0
otel-proto-combined,JS,0,118976764,1
otel-proto-combined,JS,1,96112130,1
otel-proto-combined,JS,2,81773620,1
otel-proto-combined,JS,3,81984424,1
otel-proto-combined,JS,4,91696576,1
otel-proto-combined,JS,5,82868786,1
otel-proto-combined,JS,6,81758632,1
otel-proto-combined,JS,7,82892776,1
otel-proto-combined,JS,8,81356434,1
otel-proto-combined,JS,9,82163302,1
otel-proto-combined,JS,10,82561434,1
otel-proto-combined,JS,11,83114889,1
otel-proto-combined,JS,12,81016174,1
otel-proto-combined,JS,13,81682888,1
otel-proto-combined,JS,14,82869850,1
otel-proto-combined,JS,15,81688808,1
otel-proto-combined,JS,16,80668442,1
otel-proto-combined,JS,17,82750771,1
otel-proto-combined,JS,18,81558489,1
otel-proto-combined,JS,19,81689842,1
otel-proto-combined,JS,20,81168257,0
otel-proto-combined,JS,21,83023268,0
otel-proto-combined,JS,22,82066774,0
otel-proto-combined,JS,23,82172442,0
otel-proto-combined,JS,24,110544172,0
otel-proto-combined,JS,25,102220200,0
otel-proto-combined,JS,26,80860446,0
otel-proto-combined,JS,27,81141629,0
otel-proto-combined,JS,28,81065616,0
otel-proto-combined,JS,29,80621342,0
otel-proto-combined,JS,30,81376744,0
otel-proto-combined,JS,31,81845708,0
otel-proto-combined,JS,32,82172312,0
otel-proto-combined,JS,33,81808906,0
otel-proto-combined,JS,34,83005682,0
otel-proto-combined,JS,35,82601722,0
otel-proto-combined,JS,36,82497231,0
otel-proto-combined,JS,37,82799972,0
otel-proto-combined,JS,38,82607527,0
otel-proto-combined,JS,39,82518444,0
otel-proto-combined,JS,40,82203352,0
otel-proto-combined,JS,41,82570386,0
otel-proto-combined,JS,42,82403049,0
otel-proto-combined,JS,43,82280439,0
otel-proto-combined,JS,44,83249933,0
otel-proto-combined,JS,45,82154648,0
otel-proto-combined,JS,46,83352762,0
otel-proto-combined,JS,47,82647970,0
otel-proto-combined,JS,48,82879783,0
otel-proto-combined,JS,49,81565730,0
otel-proto-combined,JS,50,83445889,0
otel-proto-combined,JS,51,83732043,0
otel-proto-combined,JS,52,82573976,0
otel-proto-combined,JS,53,82622532,0
otel-proto-combined,JS,54,83127828,0
otel-proto-combined,JS,55,83032716,0
otel-proto-combined,JS,56,82572304,0
otel-proto-combined,JS,57,82846907,0
otel-proto-combined,JS,58,83448908,0
otel-proto-combined,JS,59,83379016,0
otel-proto-combined,JS,60,83531308,0
otel-proto-combined,JS,61,84843758,0
otel-proto-combined,JS,62,82587318,0
otel-proto-combined,JS,63,83510219,0
otel-proto-combined,JS,64,83444634,0
otel-proto-combined,JS,65,84352081,0
otel-proto-combined,JS,66,82061327,0
otel-proto-combined,JS,67,83421728,0
otel-proto-combined,JS,68,84243404,0
otel-proto-combined,JS,69,83579532,0
otel-proto-combined,JS,70,82546312,0
otel-proto-combined,JS,71,85278758,0
otel-proto-combined,JS,72,83492659,0
otel-proto-combined,JS,73,83496152,0
otel-proto-combined,JS,74,82858713,0
otel-proto-combined,JS,75,85236424,0
otel-proto-combined,JS,76,83742714,0
otel-proto-combined,JS,77,83633391,0
otel-proto-combined,JS,78,84673520,0
otel-proto-combined,JS,79,83182606,0
otel-proto-combined,JS,80,83584510,0
otel-proto-combined,JS,81,83861698,0
otel-proto-combined,JS,82,85010720,0
otel-proto-combined,JS,83,82996444,0
otel-proto-combined,JS,84,83774989,0
otel-proto-combined,JS,85,85097810,0
otel-proto-combined,JS,86,84068899,0
otel-proto-combined,JS,87,83195344,0
otel-proto-combined,JS,88,85409180,0
otel-proto-combined,JS,89,85369486,0
otel-proto-combined,JS,90,84460016,0
otel-proto-combined,JS,91,83356792,0
otel-proto-combined,JS,92,86151580,0
otel-proto-combined,JS,93,84500764,0
otel-proto-combined,JS,94,84072296,0
otel-proto-combined,JS,95,84475446,0
otel-proto-combined,JS,96,84941272,0
otel-proto-combined,JS,97,85109274,0
otel-proto-combined,JS,98,84685580,0
otel-proto-combined,JS,99,84348732,0
otel,Native,0,97441758,1
otel,Native,1,98764333,1
otel,Native,2,102895979,1
otel,Native,3,99516248,1
otel,Native,4,96857156,1
otel,Native,5,98892042,1
otel,Native,6,95881502,1
otel,Native,7,100425584,1
otel,Native,8,100627488,1
otel,Native,9,98186970,1
otel,Native,10,101558114,1
otel,Native,11,97195004,1
otel,Native,12,99069158,1
otel,Native,13,97556910,1
otel,Native,14,93705378,1
otel,Native,15,96840656,1
otel,Native,16,90762296,1
otel,Native,17,94214904,1
otel,Native,18,96297026,1
otel,Native,19,91810725,1
otel,Native,20,92938397,0
otel,Native,21,89548177,0
otel,Native,22,91893128,0
otel,Native,23,89200320,0
otel,Native,24,90181137,0
otel,Native,25,91700452,0
otel,Native,26,92528706,0
otel,Native,27,93523568,0
otel,Native,28,95452864,0
otel,Native,29,98450513,0
otel,Native,30,95850109,0
otel,Native,31,96695036,0
otel,Native,32,95905728,0
otel,Native,33,95049318,0
otel,Native,34,97960340,0
otel,Native,35,94749614,0
otel,Native,36,97529178,0
otel,Native,37,94344852,0
otel,Native,38,99646704,0
otel,Native,39,98473165,0
otel,Native,40,101381986,0
otel,Native,41,94443590,0
otel,Native,42,98507942,0
otel,Native,43,97440893,0
otel,Native,44,94518368,0
otel,Native,45,97716750,0
otel,Native,46,102503364,0
otel,Native,47,103258222,0
otel,Native,48,103320290,0
otel,Native,49,103036724,0
otel,Native,50,102967551,0
otel,Native,51,105059569,0
otel,Native,52,105872312,0
otel,Native,53,100691408,0
otel,Native,54,102822502,0
otel,Native,55,101486032,0
otel,Native,56,101745932,0
otel,Native,57,102826648,0
otel,Native,58,97525922,0
otel,Native,59,103940726,0
otel,Native,60,103320195,0
otel,Native,61,104901294,0
otel,Native,62,101902292,0
otel,Native,63,100545592,0
otel,Native,64,98908946,0
otel,Native,65,100753607,0
otel,Native,66,99041032,0
otel,Native,67,106363647,0
otel,Native,68,103246489,0
otel,Native,69,105921480,0
otel,Native,70,99878024,0
otel,Native,71,103720686,0
otel,Native,72,105208475,0
otel,Native,73,106414970,0
otel,Native,74,105870388,0
otel,Native,75,107327646,0
otel,Native,76,107218132,0
otel,Native,77,105204033,0
otel,Native,78,102689180,0
otel,Native,79,100126918,0
otel,Native,80,102599664,0
otel,Native,81,103697557,0
otel,Native,82,100954192,0
otel,Native,83,102004194,0
otel,Native,84,100059260,0
otel,Native,85,105460444,0
otel,Native,86,103641365,0
otel,Native,87,103071274,0
otel,Native,88,107542422,0
otel,Native,89,104611642,0
otel,Native,90,107353202,0
otel,Native,91,104287956,0
otel,Native,92,106798110,0
otel,Native,93,109348709,0
otel,Native,94,107401736,0
otel,Native,95,106128944,0
otel,Native,96,102810052,0
otel,Native,97,103429632,0
otel,Native,98,106110365,0
otel,Native,99,101848143,0
otel-proto,Native,0,72985966,1
otel-proto,Native,1,74332820,1
otel-proto,Native,2,74984987,1
otel-proto,Native,3,74279686,1
otel-proto,Native,4,73541768,1
otel-proto,Native,5,75906726,1
otel-proto,Native,6,77572719,1
otel-proto,Native,7,78827148,1
otel-proto,Native,8,77215226,1
otel-proto,Native,9,79300782,1
otel-proto,Native,10,79530580,1
otel-proto,Native,11,81247904,1
otel-proto,Native,12,77942800,1
otel-proto,Native,13,82001564,1
otel-proto,Native,14,81108886,1
otel-proto,Native,15,84056490,1
otel-proto,Native,16,81936898,1
otel-proto,Native,17,82814476,1
otel-proto,Native,18,83323170,1
otel-proto,Native,19,83345192,1
otel-proto,Native,20,79799663,0
otel-proto,Native,21,82529576,0
otel-proto,Native,22,82617954,0
otel-proto,Native,23,81612380,0
otel-proto,Native,24,83425922,0
otel-proto,Native,25,80745442,0
otel-proto,Native,26,81065400,0
otel-proto,Native,27,83952556,0
otel-proto,Native,28,83609359,0
otel-proto,Native,29,83106060,0
otel-proto,Native,30,83169200,0
otel-proto,Native,31,83653786,0
otel-proto,Native,32,84555638,0
otel-proto,Native,33,81669380,0
otel-proto,Native,34,84591468,0
otel-proto,Native,35,84318591,0
otel-proto,Native,36,83072048,0
otel-proto,Native,37,81766748,0
otel-proto,Native,38,84328222,0
otel-proto,Native,39,83544634,0
otel-proto,Native,40,84034332,0
otel-proto,Native,41,85666704,0
otel-proto,Native,42,87375449,0
otel-proto,Native,43,86412641,0
otel-proto,Native,44,86637171,0
otel-proto,Native,45,81288278,0
otel-proto,Native,46,83729872,0
otel-proto,Native,47,85092936,0
otel-proto,Native,48,84822440,0
otel-proto,Native,49,84273172,0
otel-proto,Native,50,83880760,0
otel-proto,Native,51,86260290,0
otel-proto,Native,52,85316190,0
otel-proto,Native,53,85684931,0
otel-proto,Native,54,86571940,0
otel-proto,Native,55,84516120,0
otel-proto,Native,56,84113614,0
otel-proto,Native,57,86012128,0
otel-proto,Native,58,86088773,0
otel-proto,Native,59,87236158,0
otel-proto,Native,60,87963587,0
otel-proto,Native,61,87070614,0
otel-proto,Native,62,84151012,0
otel-proto,Native,63,87717178,0
otel-proto,Native,64,87311942,0
otel-proto,Native,65,86640526,0
otel-proto,Native,66,86169518,0
otel-proto,Native,67,85948366,0
otel-proto,Native,68,87424628,0
otel-proto,Native,69,85556608,0
otel-proto,Native,70,85792161,0
otel-proto,Native,71,88425141,0
otel-proto,Native,72,86289622,0
otel-proto,Native,73,87329169,0
otel-proto,Native,74,86199422,0
otel-proto,Native,75,86360598,0
otel-proto,Native,76,89507856,0
otel-proto,Native,77,86406564,0
otel-proto,Native,78,88048172,0
otel-proto,Native,79,84315771,0
otel-proto,Native,80,86760854,0
otel-proto,Native,81,85433754,0
otel-proto,Native,82,85441994,0
otel-proto,Native,83,83529210,0
otel-proto,Native,84,88164822,0
otel-proto,Native,85,85313663,0
otel-proto,Native,86,84130624,0
otel-proto,Native,87,82306416,0
otel-proto,Native,88,87157179,0
otel-proto,Native,89,85558469,0
otel-proto,Native,90,93122822,0
otel-proto,Native,91,86667268,0
otel-proto,Native,92,86707354,0
otel-proto,Native,93,90069410,0
otel-proto,Native,94,86037088,0
otel-proto,Native,95,87828434,0
otel-proto,Native,96,86369332,0
otel-proto,Native,97,87393024,0
otel-proto,Native,98,86182546,0
otel-proto,Native,99,85359970,0
otel-proto-sampler,Native,0,73417996,1
otel-proto-sampler,Native,1,74891272,1
otel-proto-sampler,Native,2,73241222,1
otel-proto-sampler,Native,3,73867828,1
otel-proto-sampler,Native,4,72161522,1
otel-proto-sampler,Native,5,76192753,1
otel-proto-sampler,Native,6,74855002,1
otel-proto-sampler,Native,7,77250188,1
otel-proto-sampler,Native,8,76616610,1
otel-proto-sampler,Native,9,75084760,1
otel-proto-sampler,Native,10,76513436,1
otel-proto-sampler,Native,11,76875639,1
otel-proto-sampler,Native,12,77590689,1
otel-proto-sampler,Native,13,81232972,1
otel-proto-sampler,Native,14,81691087,1
otel-proto-sampler,Native,15,81592306,1
otel-proto-sampler,Native,16,77928191,1
otel-proto-sampler,Native,17,81032392,1
otel-proto-sampler,Native,18,81813204,1
otel-proto-sampler,Native,19,83566817,1
otel-proto-sampler,Native,20,82106731,0
otel-proto-sampler,Native,21,82969592,0
otel-proto-sampler,Native,22,83442158,0
otel-proto-sampler,Native,23,81841202,0
otel-proto-sampler,Native,24,80327236,0
otel-proto-sampler,Native,25,83215866,0
otel-proto-sampler,Native,26,81629428,0
otel-proto-sampler,Native,27,82502809,0
otel-proto-sampler,Native,28,83831508,0
otel-proto-sampler,Native,29,80738042,0
otel-proto-sampler,Native,30,82821030,0
otel-proto-sampler,Native,31,82249928,0
otel-proto-sampler,Native,32,83967034,0
otel-proto-sampler,Native,33,80080870,0
otel-proto-sampler,Native,34,80786857,0
otel-proto-sampler,Native,35,83327396,0
otel-proto-sampler,Native,36,84650487,0
otel-proto-sampler,Native,37,83610604,0
otel-proto-sampler,Native,38,81667542,0
otel-proto-sampler,Native,39,81537510,0
otel-proto-sampler,Native,40,81654546,0
otel-proto-sampler,Native,41,79897736,0
otel-proto-sampler,Native,42,85131756,0
otel-proto-sampler,Native,43,84884515,0
otel-proto-sampler,Native,44,85524264,0
otel-proto-sampler,Native,45,84305820,0
otel-proto-sampler,Native,46,83030358,0
otel-proto-sampler,Native,47,85987384,0
otel-proto-sampler,Native,48,86122352,0
otel-proto-sampler,Native,49,82861793,0
otel-proto-sampler,Native,50,85030674,0
otel-proto-sampler,Native,51,85852157,0
otel-proto-sampler,Native,52,86476725,0
otel-proto-sampler,Native,53,85910260,0
otel-proto-sampler,Native,54,85094841,0
otel-proto-sampler,Native,55,85886354,0
otel-proto-sampler,Native,56,87569250,0
otel-proto-sampler,Native,57,86796388,0
otel-proto-sampler,Native,58,83618269,0
otel-proto-sampler,Native,59,84776970,0
otel-proto-sampler,Native,60,85482960,0
otel-proto-sampler,Native,61,86527642,0
otel-proto-sampler,Native,62,87673384,0
otel-proto-sampler,Native,63,85001075,0
otel-proto-sampler,Native,64,85247678,0
otel-proto-sampler,Native,65,84145192,0
otel-proto-sampler,Native,66,85335302,0
otel-proto-sampler,Native,67,85525167,0
otel-proto-sampler,Native,68,86449042,0
otel-proto-sampler,Native,69,85090596,0
otel-proto-sampler,Native,70,83066281,0
otel-proto-sampler,Native,71,82508436,0
otel-proto-sampler,Native,72,84502899,0
otel-proto-sampler,Native,73,86542408,0
otel-proto-sampler,Native,74,83207216,0
otel-proto-sampler,Native,75,85758358,0
otel-proto-sampler,Native,76,86298939,0
otel-proto-sampler,Native,77,84942670,0
otel-proto-sampler,Native,78,84444481,0
otel-proto-sampler,Native,79,83405159,0
otel-proto-sampler,Native,80,82731952,0
otel-proto-sampler,Native,81,84405817,0
otel-proto-sampler,Native,82,82382890,0
otel-proto-sampler,Native,83,82205880,0
otel-proto-sampler,Native,84,84457668,0
otel-proto-sampler,Native,85,81805410,0
otel-proto-sampler,Native,86,83648822,0
otel-proto-sampler,Native,87,81751824,0
otel-proto-sampler,Native,88,86970436,0
otel-proto-sampler,Native,89,91532750,0
otel-proto-sampler,Native,90,85956734,0
otel-proto-sampler,Native,91,83475268,0
otel-proto-sampler,Native,92,84761050,0
otel-proto-sampler,Native,93,84231056,0
otel-proto-sampler,Native,94,87597501,0
otel-proto-sampler,Native,95,83456080,0
otel-proto-sampler,Native,96,89106144,0
otel-proto-sampler,Native,97,87149368,0
otel-proto-sampler,Native,98,87200368,0
otel-proto-sampler,Native,99,87347686,0
otel-proto-timesource,Native,0,76313546,1
otel-proto-timesource,Native,1,74796004,1
otel-proto-timesource,Native,2,76099338,1
otel-proto-timesource,Native,3,75501470,1
otel-proto-timesource,Native,4,75487140,1
otel-proto-timesource,Native,5,76926814,1
otel-proto-timesource,Native,6,75976990,1
otel-proto-timesource,Native,7,76445508,1
otel-proto-timesource,Native,8,76351682,1
otel-proto-timesource,Native,9,76752215,1
otel-proto-timesource,Native,10,75962394,1
otel-proto-timesource,Native,11,75438796,1
otel-proto-timesource,Native,12,76001928,1
otel-proto-timesource,Native,13,77393924,1
otel-proto-timesource,Native,14,79758384,1
otel-proto-timesource,Native,15,78811010,1
otel-proto-timesource,Native,16,78089761,1
otel-proto-timesource,Native,17,80926349,1
otel-proto-timesource,Native,18,80040200,1
otel-proto-timesource,Native,19,81225711,1
otel-proto-timesource,Native,20,79008266,0
otel-proto-timesource,Native,21,79953664,0
otel-proto-timesource,Native,22,81501821,0
otel-proto-timesource,Native,23,80299014,0
otel-proto-timesource,Native,24,78897038,0
otel-proto-timesource,Native,25,82223291,0
otel-proto-timesource,Native,26,81333816,0
otel-proto-timesource,Native,27,82762658,0
otel-proto-timesource,Native,28,83768858,0
otel-proto-timesource,Native,29,81733768,0
otel-proto-timesource,Native,30,84612342,0
otel-proto-timesource,Native,31,83801034,0
otel-proto-timesource,Native,32,84515281,0
otel-proto-timesource,Native,33,81430324,0
otel-proto-timesource,Native,34,83848271,0
otel-proto-timesource,Native,35,83218807,0
otel-proto-timesource,Native,36,82540046,0
otel-proto-timesource,Native,37,81099906,0
otel-proto-timesource,Native,38,82265676,0
otel-proto-timesource,Native,39,84572798,0
otel-proto-timesource,Native,40,81238870,0
otel-proto-timesource,Native,41,79501494,0
otel-proto-timesource,Native,42,84586200,0
otel-proto-timesource,Native,43,84947320,0
otel-proto-timesource,Native,44,83090672,0
otel-proto-timesource,Native,45,82820838,0
otel-proto-timesource,Native,46,84460781,0
otel-proto-timesource,Native,47,85586498,0
otel-proto-timesource,Native,48,85418986,0
otel-proto-timesource,Native,49,82513678,0
otel-proto-timesource,Native,50,84875056,0
otel-proto-timesource,Native,51,84427040,0
otel-proto-timesource,Native,52,83985256,0
otel-proto-timesource,Native,53,83587878,0
otel-proto-timesource,Native,54,84541436,0
otel-proto-timesource,Native,55,85549820,0
otel-proto-timesource,Native,56,91686544,0
otel-proto-timesource,Native,57,85491008,0
otel-proto-timesource,Native,58,82650429,0
otel-proto-timesource,Native,59,84430311,0
otel-proto-timesource,Native,60,84638997,0
otel-proto-timesource,Native,61,84805350,0
otel-proto-timesource,Native,62,82976967,0
otel-proto-timesource,Native,63,83352296,0
otel-proto-timesource,Native,64,85817228,0
otel-proto-timesource,Native,65,83425084,0
otel-proto-timesource,Native,66,84378810,0
otel-proto-timesource,Native,67,84713895,0
otel-proto-timesource,Native,68,83588635,0
otel-proto-timesource,Native,69,84482542,0
otel-proto-timesource,Native,70,81462997,0
otel-proto-timesource,Native,71,84697961,0
otel-proto-timesource,Native,72,84516118,0
otel-proto-timesource,Native,73,83528560,0
otel-proto-timesource,Native,74,83537834,0
otel-proto-timesource,Native,75,85230468,0
otel-proto-timesource,Native,76,84212488,0
otel-proto-timesource,Native,77,85297298,0
otel-proto-timesource,Native,78,85737519,0
otel-proto-timesource,Native,79,87304142,0
otel-proto-timesource,Native,80,84090620,0
otel-proto-timesource,Native,81,84636376,0
otel-proto-timesource,Native,82,83238139,0
otel-proto-timesource,Native,83,84717202,0
otel-proto-timesource,Native,84,85070094,0
otel-proto-timesource,Native,85,87272196,0
otel-proto-timesource,Native,86,86866546,0
otel-proto-timesource,Native,87,88484451,0
otel-proto-timesource,Native,88,86740296,0
otel-proto-timesource,Native,89,84018063,0
otel-proto-timesource,Native,90,87996744,0
otel-proto-timesource,Native,91,87110610,0
otel-proto-timesource,Native,92,90608054,0
otel-proto-timesource,Native,93,87872022,0
otel-proto-timesource,Native,94,88293302,0
otel-proto-timesource,Native,95,84362142,0
otel-proto-timesource,Native,96,88485592,0
otel-proto-timesource,Native,97,89567472,0
otel-proto-timesource,Native,98,91438030,0
otel-proto-timesource,Native,99,89643485,0
otel-proto-anchored,Native,0,75233808,1
otel-proto-anchored,Native,1,73491745,1
otel-proto-anchored,Native,2,75623136,1
otel-proto-anchored,Native,3,77941256,1
otel-proto-anchored,Native,4,75684670,1
otel-proto-anchored,Native,5,78201530,1
otel-proto-anchored,Native,6,76112016,1
otel-proto-anchored,Native,7,79337724,1
otel-proto-anchored,Native,8,75058215,1
otel-proto-anchored,Native,9,76472040,1
otel-proto-anchored,Native,10,78794510,1
otel-proto-anchored,Native,11,78892196,1
otel-proto-anchored,Native,12,78669124,1
otel-proto-anchored,Native,13,78178889,1
otel-proto-anchored,Native,14,79746974,1
otel-proto-anchored,Native,15,78932168,1
otel-proto-anchored,Native,16,80002040,1
otel-proto-anchored,Native,17,81342539,1
otel-proto-anchored,Native,18,83158232,1
otel-proto-anchored,Native,19,79834306,1
otel-proto-anchored,Native,20,78888193,0
otel-proto-anchored,Native,21,81980698,0
otel-proto-anchored,Native,22,80381927,0
otel-proto-anchored,Native,23,80583120,0
otel-proto-anchored,Native,24,81910882,0
otel-proto-anchored,Native,25,84904053,0
otel-proto-anchored,Native,26,83469405,0
otel-proto-anchored,Native,27,83398948,0
otel-proto-anchored,Native,28,83646361,0
otel-proto-anchored,Native,29,80810198,0
otel-proto-anchored,Native,30,82612894,0
otel-proto-anchored,Native,31,82132444,0
otel-proto-anchored,Native,32,83463376,0
otel-proto-anchored,Native,33,83494876,0
otel-proto-anchored,Native,34,83291470,0
otel-proto-anchored,Native,35,83539804,0
otel-proto-anchored,Native,36,84401106,0
otel-proto-anchored,Native,37,83176649,0
otel-proto-anchored,Native,38,86762920,0
otel-proto-anchored,Native,39,85684030,0
otel-proto-anchored,Native,40,85411696,0
otel-proto-anchored,Native,41,84387422,0
otel-proto-anchored,Native,42,84242318,0
otel-proto-anchored,Native,43,85194466,0
otel-proto-anchored,Native,44,85400356,0
otel-proto-anchored,Native,45,82177554,0
otel-proto-anchored,Native,46,87896053,0
otel-proto-anchored,Native,47,85383914,0
otel-proto-anchored,Native,48,84870656,0
otel-proto-anchored,Native,49,82870958,0
otel-proto-anchored,Native,50,83920193,0
otel-proto-anchored,Native,51,84654430,0
otel-proto-anchored,Native,52,83847546,0
otel-proto-anchored,Native,53,83027965,0
otel-proto-anchored,Native,54,83866142,0
otel-proto-anchored,Native,55,84337110,0
otel-proto-anchored,Native,56,84237528,0
otel-proto-anchored,Native,57,82531948,0
otel-proto-anchored,Native,58,81277782,0
otel-proto-anchored,Native,59,87548320,0
otel-proto-anchored,Native,60,89895490,0
otel-proto-anchored,Native,61,88175467,0
otel-proto-anchored,Native,62,90063656,0
otel-proto-anchored,Native,63,87778690,0
otel-proto-anchored,Native,64,87634888,0
otel-proto-anchored,Native,65,87838882,0
otel-proto-anchored,Native,66,83257390,0
otel-proto-anchored,Native,67,84151442,0
otel-proto-anchored,Native,68,88391250,0
otel-proto-anchored,Native,69,86732452,0
otel-proto-anchored,Native,70,86828290,0
otel-proto-anchored,Native,71,85693800,0
otel-proto-anchored,Native,72,84068228,0
otel-proto-anchored,Native,73,84313980,0
otel-proto-anchored,Native,74,84032241,0
otel-proto-anchored,Native,75,85652938,0
otel-proto-anchored,Native,76,86308216,0
otel-proto-anchored,Native,77,89517036,0
otel-proto-anchored,Native,78,90801790,0
otel-proto-anchored,Native,79,87198380,0
otel-proto-anchored,Native,80,87117038,0
otel-proto-anchored,Native,81,88591494,0
otel-proto-anchored,Native,82,87925335,0
otel-proto-anchored,Native,83,87183990,0
otel-proto-anchored,Native,84,87874340,0
otel-proto-anchored,Native,85,89859002,0
otel-proto-anchored,Native,86,87925032,0
otel-proto-anchored,Native,87,85654184,0
otel-proto-anchored,Native,88,86092610,0
otel-proto-anchored,Native,89,88798031,0
otel-proto-anchored,Native,90,91342206,0
otel-proto-anchored,Native,91,85967538,0
otel-proto-anchored,Native,92,88307972,0
otel-proto-anchored,Native,93,85033014,0
otel-proto-anchored,Native,94,84615836,0
otel-proto-anchored,Native,95,86018065,0
otel-proto-anchored,Native,96,85838138,0
otel-proto-anchored,Native,97,87044348,0
otel-proto-anchored,Native,98,85570496,0
otel-proto-anchored,Native,99,84878086,0
otel-proto-fastbatch,Native,0,40765526,1
otel-proto-fastbatch,Native,1,40310671,1
otel-proto-fastbatch,Native,2,38213772,1
otel-proto-fastbatch,Native,3,41822566,1
otel-proto-fastbatch,Native,4,39337682,1
otel-proto-fastbatch,Native,5,40282556,1
otel-proto-fastbatch,Native,6,41041366,1
otel-proto-fastbatch,Native,7,43581362,1
otel-proto-fastbatch,Native,8,41367842,1
otel-proto-fastbatch,Native,9,39983874,1
otel-proto-fastbatch,Native,10,42270026,1
otel-proto-fastbatch,Native,11,41960566,1
otel-proto-fastbatch,Native,12,40455172,1
otel-proto-fastbatch,Native,13,42078412,1
otel-proto-fastbatch,Native,14,40832402,1
otel-proto-fastbatch,Native,15,41806574,1
otel-proto-fastbatch,Native,16,40917682,1
otel-proto-fastbatch,Native,17,40422160,1
otel-proto-fastbatch,Native,18,41066505,1
otel-proto-fastbatch,Native,19,40288654,1
otel-proto-fastbatch,Native,20,39535667,0
otel-proto-fastbatch,Native,21,40324074,0
otel-proto-fastbatch,Native,22,41664988,0
otel-proto-fastbatch,Native,23,41284347,0
otel-proto-fastbatch,Native,24,41304240,0
otel-proto-fastbatch,Native,25,41611588,0
otel-proto-fastbatch,Native,26,41369237,0
otel-proto-fastbatch,Native,27,42054803,0
otel-proto-fastbatch,Native,28,40923906,0
otel-proto-fastbatch,Native,29,41011200,0
otel-proto-fastbatch,Native,30,40656162,0
otel-proto-fastbatch,Native,31,40661698,0
otel-proto-fastbatch,Native,32,41681514,0
otel-proto-fastbatch,Native,33,40812604,0
otel-proto-fastbatch,Native,34,38686067,0
otel-proto-fastbatch,Native,35,40961438,0
otel-proto-fastbatch,Native,36,42637536,0
otel-proto-fastbatch,Native,37,41311690,0
otel-proto-fastbatch,Native,38,41498518,0
otel-proto-fastbatch,Native,39,41640727,0
otel-proto-fastbatch,Native,40,41865688,0
otel-proto-fastbatch,Native,41,42194427,0
otel-proto-fastbatch,Native,42,41400420,0
otel-proto-fastbatch,Native,43,39747186,0
otel-proto-fastbatch,Native,44,41324368,0
otel-proto-fastbatch,Native,45,40136110,0
otel-proto-fastbatch,Native,46,41521542,0
otel-proto-fastbatch,Native,47,40261128,0
otel-proto-fastbatch,Native,48,40503126,0
otel-proto-fastbatch,Native,49,42736940,0
otel-proto-fastbatch,Native,50,43330908,0
otel-proto-fastbatch,Native,51,42117133,0
otel-proto-fastbatch,Native,52,41471422,0
otel-proto-fastbatch,Native,53,43244126,0
otel-proto-fastbatch,Native,54,43071476,0
otel-proto-fastbatch,Native,55,42487297,0
otel-proto-fastbatch,Native,56,42515180,0
otel-proto-fastbatch,Native,57,42879368,0
otel-proto-fastbatch,Native,58,42639618,0
otel-proto-fastbatch,Native,59,41840683,0
otel-proto-fastbatch,Native,60,43036342,0
otel-proto-fastbatch,Native,61,43098001,0
otel-proto-fastbatch,Native,62,43191660,0
otel-proto-fastbatch,Native,63,42857378,0
otel-proto-fastbatch,Native,64,42981385,0
otel-proto-fastbatch,Native,65,41714830,0
otel-proto-fastbatch,Native,66,41415747,0
otel-proto-fastbatch,Native,67,43437174,0
otel-proto-fastbatch,Native,68,42644516,0
otel-proto-fastbatch,Native,69,42706978,0
otel-proto-fastbatch,Native,70,41974004,0
otel-proto-fastbatch,Native,71,42244190,0
otel-proto-fastbatch,Native,72,43281631,0
otel-proto-fastbatch,Native,73,40817998,0
otel-proto-fastbatch,Native,74,40883480,0
otel-proto-fastbatch,Native,75,41633670,0
otel-proto-fastbatch,Native,76,42401689,0
otel-proto-fastbatch,Native,77,41123112,0
otel-proto-fastbatch,Native,78,43332839,0
otel-proto-fastbatch,Native,79,42309504,0
otel-proto-fastbatch,Native,80,42717036,0
otel-proto-fastbatch,Native,81,45164059,0
otel-proto-fastbatch,Native,82,43499358,0
otel-proto-fastbatch,Native,83,43880120,0
otel-proto-fastbatch,Native,84,43503451,0
otel-proto-fastbatch,Native,85,43497318,0
otel-proto-fastbatch,Native,86,41640066,0
otel-proto-fastbatch,Native,87,43043522,0
otel-proto-fastbatch,Native,88,43659706,0
otel-proto-fastbatch,Native,89,43321006,0
otel-proto-fastbatch,Native,90,43203878,0
otel-proto-fastbatch,Native,91,43296610,0
otel-proto-fastbatch,Native,92,45015946,0
otel-proto-fastbatch,Native,93,45208615,0
otel-proto-fastbatch,Native,94,44542089,0
otel-proto-fastbatch,Native,95,42869500,0
otel-proto-fastbatch,Native,96,44000030,0
otel-proto-fastbatch,Native,97,45443096,0
otel-proto-fastbatch,Native,98,45422966,0
otel-proto-fastbatch,Native,99,43602064,0
otel-proto-combined,Native,0,38175860,1
otel-proto-combined,Native,1,36983390,1
otel-proto-combined,Native,2,36273898,1
otel-proto-combined,Native,3,36802398,1
otel-proto-combined,Native,4,39875614,1
otel-proto-combined,Native,5,40245182,1
otel-proto-combined,Native,6,36667913,1
otel-proto-combined,Native,7,38297660,1
otel-proto-combined,Native,8,39635419,1
otel-proto-combined,Native,9,39147505,1
otel-proto-combined,Native,10,39085286,1
otel-proto-combined,Native,11,40277876,1
otel-proto-combined,Native,12,39148216,1
otel-proto-combined,Native,13,38797708,1
otel-proto-combined,Native,14,40683078,1
otel-proto-combined,Native,15,39093956,1
otel-proto-combined,Native,16,38919222,1
otel-proto-combined,Native,17,40250406,1
otel-proto-combined,Native,18,41311438,1
otel-proto-combined,Native,19,39865804,1
otel-proto-combined,Native,20,39556930,0
otel-proto-combined,Native,21,37119292,0
otel-proto-combined,Native,22,39002886,0
otel-proto-combined,Native,23,39139162,0
otel-proto-combined,Native,24,40514991,0
otel-proto-combined,Native,25,37183956,0
otel-proto-combined,Native,26,38132532,0
otel-proto-combined,Native,27,41311692,0
otel-proto-combined,Native,28,38759139,0
otel-proto-combined,Native,29,38985027,0
otel-proto-combined,Native,30,39150050,0
otel-proto-combined,Native,31,37575688,0
otel-proto-combined,Native,32,38816158,0
otel-proto-combined,Native,33,39893577,0
otel-proto-combined,Native,34,40583087,0
otel-proto-combined,Native,35,40678950,0
otel-proto-combined,Native,36,40657825,0
otel-proto-combined,Native,37,39423776,0
otel-proto-combined,Native,38,39406660,0
otel-proto-combined,Native,39,40422568,0
otel-proto-combined,Native,40,39673562,0
otel-proto-combined,Native,41,39711522,0
otel-proto-combined,Native,42,39153060,0
otel-proto-combined,Native,43,39904856,0
otel-proto-combined,Native,44,39016585,0
otel-proto-combined,Native,45,39821130,0
otel-proto-combined,Native,46,40952727,0
otel-proto-combined,Native,47,42870855,0
otel-proto-combined,Native,48,42481518,0
otel-proto-combined,Native,49,37951454,0
otel-proto-combined,Native,50,39041894,0
otel-proto-combined,Native,51,38461460,0
otel-proto-combined,Native,52,40960448,0
otel-proto-combined,Native,53,39169411,0
otel-proto-combined,Native,54,39158329,0
otel-proto-combined,Native,55,39145610,0
otel-proto-combined,Native,56,39279805,0
otel-proto-combined,Native,57,39917137,0
otel-proto-combined,Native,58,39237127,0
otel-proto-combined,Native,59,39128850,0
otel-proto-combined,Native,60,40401079,0
otel-proto-combined,Native,61,38172404,0
otel-proto-combined,Native,62,40908534,0
otel-proto-combined,Native,63,41232303,0
otel-proto-combined,Native,64,39095640,0
otel-proto-combined,Native,65,41950761,0
otel-proto-combined,Native,66,39990642,0
otel-proto-combined,Native,67,39206716,0
otel-proto-combined,Native,68,40238319,0
otel-proto-combined,Native,69,38804034,0
otel-proto-combined,Native,70,40100598,0
otel-proto-combined,Native,71,41108990,0
otel-proto-combined,Native,72,43038542,0
otel-proto-combined,Native,73,41164536,0
otel-proto-combined,Native,74,40953532,0
otel-proto-combined,Native,75,42945578,0
otel-proto-combined,Native,76,43649010,0
otel-proto-combined,Native,77,40413386,0
otel-proto-combined,Native,78,42434102,0
otel-proto-combined,Native,79,40329291,0
otel-proto-combined,Native,80,39736218,0
otel-proto-combined,Native,81,39605072,0
otel-proto-combined,Native,82,38995418,0
otel-proto-combined,Native,83,39237128,0
otel-proto-combined,Native,84,38547857,0
otel-proto-combined,Native,85,39302882,0
otel-proto-combined,Native,86,39881076,0
otel-proto-combined,Native,87,40296796,0
otel-proto-combined,Native,88,41234587,0
otel-proto-combined,Native,89,40073426,0
otel-proto-combined,Native,90,39952448,0
otel-proto-combined,Native,91,41578438,0
otel-proto-combined,Native,92,41053386,0
otel-proto-combined,Native,93,41323822,0
otel-proto-combined,Native,94,40785010,0
otel-proto-combined,Native,95,40965166,0
otel-proto-combined,Native,96,40194366,0
otel-proto-combined,Native,97,41253307,0
otel-proto-combined,Native,98,40409754,0
otel-proto-combined,Native,99,40626091,0
